loanAmnt,interestRate,installment,employmentLength,annualIncome,issueDate,isDefault,dti,delinquency_2years,ficoRangeLow,ficoRangeHigh,openAcc,pubRec,pubRecBankruptcies,revolBal,revolUtil,totalAcc,earliesCreditLine,n0,n1,n2,n3,n4,n5,n6,n7,n8,n9,n10,n11,n12,n13,n14,term_3.0,term_5.0,term_nan,grade_A,grade_B,grade_C,grade_D,grade_E,grade_F,grade_G,grade_nan,subGrade_A1,subGrade_A2,subGrade_A3,subGrade_A4,subGrade_A5,subGrade_B1,subGrade_B2,subGrade_B3,subGrade_B4,subGrade_B5,subGrade_C1,subGrade_C2,subGrade_C3,subGrade_C4,subGrade_C5,subGrade_D1,subGrade_D2,subGrade_D3,subGrade_D4,subGrade_D5,subGrade_E1,subGrade_E2,subGrade_E3,subGrade_E4,subGrade_E5,subGrade_F1,subGrade_F2,subGrade_F3,subGrade_F4,subGrade_F5,subGrade_G1,subGrade_G2,subGrade_G3,subGrade_G4,subGrade_G5,subGrade_nan,homeOwnership_0.0,homeOwnership_1.0,homeOwnership_2.0,homeOwnership_3.0,homeOwnership_4.0,homeOwnership_5.0,homeOwnership_nan,verificationStatus_0.0,verificationStatus_1.0,verificationStatus_2.0,verificationStatus_nan,purpose_0.0,purpose_1.0,purpose_2.0,purpose_3.0,purpose_4.0,purpose_5.0,purpose_6.0,purpose_7.0,purpose_8.0,purpose_9.0,purpose_10.0,purpose_11.0,purpose_12.0,purpose_13.0,purpose_nan,regionCode_0.0,regionCode_1.0,regionCode_2.0,regionCode_3.0,regionCode_4.0,regionCode_5.0,regionCode_6.0,regionCode_7.0,regionCode_8.0,regionCode_9.0,regionCode_10.0,regionCode_11.0,regionCode_12.0,regionCode_13.0,regionCode_14.0,regionCode_15.0,regionCode_16.0,regionCode_17.0,regionCode_18.0,regionCode_19.0,regionCode_20.0,regionCode_21.0,regionCode_22.0,regionCode_23.0,regionCode_24.0,regionCode_25.0,regionCode_26.0,regionCode_27.0,regionCode_28.0,regionCode_29.0,regionCode_30.0,regionCode_31.0,regionCode_32.0,regionCode_33.0,regionCode_34.0,regionCode_35.0,regionCode_36.0,regionCode_37.0,regionCode_38.0,regionCode_39.0,regionCode_40.0,regionCode_41.0,regionCode_42.0,regionCode_43.0,regionCode_44.0,regionCode_45.0,regionCode_46.0,regionCode_47.0,regionCode_48.0,regionCode_49.0,regionCode_50.0,regionCode_nan,initialListStatus_0.0,initialListStatus_1.0,initialListStatus_nan,applicationType_0.0,applicationType_1.0,applicationType_nan
35000.0,19.52,917.97,2,110000.0,2709,1,17.05,0.0,730.0,734.0,7.0,0.0,0.0,24178.0,48.9,27.0,7426,0.0,2.0,2.0,2.0,4.0,9.0,8.0,4.0,12.0,2.0,7.0,0.0,0.0,0.0,2.0,0,1,0,0,0,0,0,1,0,0,0,0,0,0,0,0,0,0,0,0,0,0,0,0,0,0,0,0,0,0,0,0,1,0,0,0,0,0,0,0,0,0,0,0,0,0,0,0,0,1,0,0,0,0,0,0,1,0,0,1,0,0,0,0,0,0,0,0,0,0,0,0,0,0,0,0,0,0,0,0,0,0,0,0,0,0,0,0,0,0,0,0,0,0,0,0,0,0,0,0,0,0,0,0,0,1,0,0,0,0,0,0,0,0,0,0,0,0,0,0,0,0,0,0,0,1,0,0,1,0,0
18000.0,18.49,461.9,5,46000.0,3408,0,27.83,0.0,700.0,704.0,13.0,0.0,0.0,15096.0,38.9,18.0,7153,,,,,10.0,,,,,,13.0,,,,,0,1,0,0,0,0,1,0,0,0,0,0,0,0,0,0,0,0,0,0,0,0,0,0,0,0,0,1,0,0,0,0,0,0,0,0,0,0,0,0,0,0,0,0,0,0,0,1,0,0,0,0,0,0,0,0,1,0,1,0,0,0,0,0,0,0,0,0,0,0,0,0,0,0,0,0,0,0,0,0,0,0,0,0,0,0,0,0,0,0,0,1,0,0,0,0,0,0,0,0,0,0,0,0,0,0,0,0,0,0,0,0,0,0,0,0,0,0,0,0,0,0,0,0,0,0,1,0,1,0,0
12000.0,16.99,298.17,8,74000.0,2252,0,22.77,0.0,675.0,679.0,11.0,0.0,0.0,4606.0,51.8,27.0,5692,0.0,0.0,3.0,3.0,0.0,0.0,21.0,4.0,5.0,3.0,11.0,0.0,0.0,0.0,4.0,0,1,0,0,0,0,1,0,0,0,0,0,0,0,0,0,0,0,0,0,0,0,0,0,0,0,0,0,1,0,0,0,0,0,0,0,0,0,0,0,0,0,0,0,0,0,0,1,0,0,0,0,0,0,0,0,1,0,1,0,0,0,0,0,0,0,0,0,0,0,0,0,0,0,0,0,0,0,0,0,0,0,0,0,0,0,0,1,0,0,0,0,0,0,0,0,0,0,0,0,0,0,0,0,0,0,0,0,0,0,0,0,0,0,0,0,0,0,0,0,0,0,0,0,0,1,0,0,1,0,0
11000.0,7.26,340.96,10,118000.0,2313,0,17.21,0.0,685.0,689.0,9.0,0.0,0.0,9948.0,52.6,28.0,8249,6.0,4.0,6.0,6.0,4.0,16.0,4.0,7.0,21.0,6.0,9.0,0.0,0.0,0.0,1.0,1,0,0,1,0,0,0,0,0,0,0,0,0,0,1,0,0,0,0,0,0,0,0,0,0,0,0,0,0,0,0,0,0,0,0,0,0,0,0,0,0,0,0,0,0,0,0,0,1,0,0,0,0,0,0,1,0,0,0,0,0,0,1,0,0,0,0,0,0,0,0,0,0,0,0,0,0,0,0,0,0,0,0,0,1,0,0,0,0,0,0,0,0,0,0,0,0,0,0,0,0,0,0,0,0,0,0,0,0,0,0,0,0,0,0,0,0,0,0,0,0,0,0,0,0,0,1,0,1,0,0
3000.0,12.99,101.07,-1,29000.0,2100,0,32.16,0.0,690.0,694.0,12.0,0.0,0.0,2942.0,32.0,27.0,16192,1.0,2.0,7.0,7.0,2.0,4.0,9.0,10.0,15.0,7.0,12.0,0.0,0.0,0.0,4.0,1,0,0,0,0,1,0,0,0,0,0,0,0,0,0,0,0,0,0,0,0,0,1,0,0,0,0,0,0,0,0,0,0,0,0,0,0,0,0,0,0,0,0,0,0,0,0,0,1,0,0,0,0,0,0,0,1,0,0,0,0,0,0,0,0,0,0,0,1,0,0,0,0,0,0,0,0,0,0,0,0,0,0,0,0,0,0,0,0,0,0,0,0,0,1,0,0,0,0,0,0,0,0,0,0,0,0,0,0,0,0,0,0,0,0,0,0,0,0,0,0,0,0,0,0,1,0,0,1,0,0
11000.0,7.99,344.65,7,39000.0,1704,0,17.14,0.0,730.0,734.0,19.0,0.0,0.0,4047.0,31.1,52.0,8553,12.0,1.0,2.0,2.0,1.0,1.0,48.0,2.0,3.0,2.0,19.0,0.0,0.0,0.0,0.0,1,0,0,1,0,0,0,0,0,0,0,0,0,0,0,1,0,0,0,0,0,0,0,0,0,0,0,0,0,0,0,0,0,0,0,0,0,0,0,0,0,0,0,0,0,0,0,1,0,0,0,0,0,0,0,0,1,0,0,0,0,0,0,0,0,0,0,1,0,0,0,0,0,0,0,0,0,0,0,0,0,0,0,0,0,0,0,0,0,0,0,0,0,0,1,0,0,0,0,0,0,0,0,0,0,0,0,0,0,0,0,0,0,0,0,0,0,0,0,0,0,0,0,0,0,0,1,0,1,0,0
2050.0,7.69,63.95,9,35000.0,2617,0,17.49,0.0,755.0,759.0,12.0,0.0,0.0,3111.0,8.5,23.0,5539,0.0,1.0,3.0,3.0,7.0,11.0,3.0,10.0,18.0,3.0,12.0,0.0,0.0,0.0,3.0,1,0,0,1,0,0,0,0,0,0,0,0,0,0,1,0,0,0,0,0,0,0,0,0,0,0,0,0,0,0,0,0,0,0,0,0,0,0,0,0,0,0,0,0,0,0,0,1,0,0,0,0,0,0,1,0,0,0,1,0,0,0,0,0,0,0,0,0,0,0,0,0,0,0,0,0,0,0,0,0,0,0,0,0,0,0,0,1,0,0,0,0,0,0,0,0,0,0,0,0,0,0,0,0,0,0,0,0,0,0,0,0,0,0,0,0,0,0,0,0,0,0,0,0,0,1,0,0,1,0,0
11500.0,14.98,398.54,1,30000.0,2890,0,32.6,0.0,665.0,669.0,8.0,1.0,1.0,14021.0,59.7,33.0,9861,0.0,4.0,4.0,4.0,4.0,16.0,10.0,5.0,21.0,4.0,8.0,0.0,0.0,0.0,2.0,1,0,0,0,0,1,0,0,0,0,0,0,0,0,0,0,0,0,0,0,0,0,0,1,0,0,0,0,0,0,0,0,0,0,0,0,0,0,0,0,0,0,0,0,0,0,0,0,1,0,0,0,0,0,0,0,1,0,1,0,0,0,0,0,0,0,0,0,0,0,0,0,0,0,0,0,0,1,0,0,0,0,0,0,0,0,0,0,0,0,0,0,0,0,0,0,0,0,0,0,0,0,0,0,0,0,0,0,0,0,0,0,0,0,0,0,0,0,0,0,0,0,0,0,0,0,1,0,1,0,0
12000.0,12.99,404.27,5,60000.0,2039,1,19.22,0.0,690.0,694.0,15.0,0.0,0.0,27176.0,46.0,21.0,10105,0.0,7.0,13.0,13.0,7.0,7.0,2.0,13.0,17.0,11.0,15.0,,0.0,0.0,6.0,1,0,0,0,0,1,0,0,0,0,0,0,0,0,0,0,0,0,0,0,0,0,1,0,0,0,0,0,0,0,0,0,0,0,0,0,0,0,0,0,0,0,0,0,0,0,0,0,0,1,0,0,0,0,0,1,0,0,1,0,0,0,0,0,0,0,0,0,0,0,0,0,0,0,0,0,0,0,0,0,0,0,0,0,0,0,1,0,0,0,0,0,0,0,0,0,0,0,0,0,0,0,0,0,0,0,0,0,0,0,0,0,0,0,0,0,0,0,0,0,0,0,0,0,0,0,1,0,1,0,0
6500.0,10.99,212.78,-1,15300.0,2221,0,24.39,0.0,725.0,729.0,7.0,0.0,0.0,2936.0,30.6,63.0,10560,0.0,4.0,5.0,5.0,4.0,21.0,24.0,6.0,39.0,5.0,7.0,0.0,0.0,0.0,8.0,1,0,0,0,1,0,0,0,0,0,0,0,0,0,0,0,0,0,0,1,0,0,0,0,0,0,0,0,0,0,0,0,0,0,0,0,0,0,0,0,0,0,0,0,0,0,0,0,1,0,0,0,0,0,0,0,1,0,1,0,0,0,0,0,0,0,0,0,0,0,0,0,0,0,0,0,0,0,0,0,0,0,0,0,1,0,0,0,0,0,0,0,0,0,0,0,0,0,0,0,0,0,0,0,0,0,0,0,0,0,0,0,0,0,0,0,0,0,0,0,0,0,0,0,0,1,0,0,1,0,0
5600.0,13.67,190.5,10,38000.0,2951,0,14.21,0.0,665.0,669.0,13.0,0.0,0.0,8653.0,47.5,15.0,9160,0.0,6.0,13.0,13.0,6.0,7.0,0.0,13.0,15.0,13.0,13.0,0.0,0.0,0.0,3.0,1,0,0,0,1,0,0,0,0,0,0,0,0,0,0,0,0,0,0,0,1,0,0,0,0,0,0,0,0,0,0,0,0,0,0,0,0,0,0,0,0,0,0,0,0,0,0,0,1,0,0,0,0,0,1,0,0,0,0,0,0,0,1,0,0,0,0,0,0,0,0,0,0,0,0,0,0,0,0,0,0,1,0,0,0,0,0,0,0,0,0,0,0,0,0,0,0,0,0,0,0,0,0,0,0,0,0,0,0,0,0,0,0,0,0,0,0,0,0,0,0,0,0,0,0,1,0,0,1,0,0
5000.0,27.27,204.86,3,95000.0,1095,0,34.63,0.0,710.0,714.0,10.0,0.0,0.0,16343.0,80.9,38.0,5235,0.0,0.0,2.0,2.0,0.0,4.0,18.0,4.0,16.0,2.0,10.0,0.0,0.0,0.0,3.0,1,0,0,0,0,0,0,1,0,0,0,0,0,0,0,0,0,0,0,0,0,0,0,0,0,0,0,0,0,0,0,0,0,0,0,1,0,0,0,0,0,0,0,0,0,0,0,1,0,0,0,0,0,0,1,0,0,0,1,0,0,0,0,0,0,0,0,0,0,0,0,0,0,0,0,0,0,0,0,0,0,0,0,0,0,0,0,0,0,0,0,0,0,0,0,0,0,0,0,0,0,0,0,0,0,0,0,0,0,0,0,0,0,0,0,0,0,0,0,0,0,0,1,0,0,1,0,0,1,0,0
19200.0,20.0,713.55,2,88000.0,1674,0,7.58,0.0,680.0,684.0,12.0,0.0,0.0,18866.0,35.7,14.0,2859,0.0,7.0,8.0,8.0,7.0,8.0,2.0,10.0,11.0,8.0,12.0,0.0,0.0,0.0,8.0,1,0,0,0,0,0,1,0,0,0,0,0,0,0,0,0,0,0,0,0,0,0,0,0,0,0,0,0,0,1,0,0,0,0,0,0,0,0,0,0,0,0,0,0,0,0,0,0,1,0,0,0,0,0,1,0,0,0,1,0,0,0,0,0,0,0,0,0,0,0,0,0,0,0,0,0,0,0,0,0,0,0,0,0,0,0,0,0,0,0,0,0,0,0,0,0,0,0,0,0,0,0,0,0,0,0,0,0,0,0,0,1,0,0,0,0,0,0,0,0,0,0,0,0,0,0,1,0,1,0,0
24000.0,9.99,774.3,10,150000.0,2313,0,5.68,0.0,690.0,694.0,7.0,0.0,0.0,4334.0,68.8,25.0,13940,1.0,1.0,3.0,3.0,2.0,7.0,7.0,6.0,17.0,3.0,7.0,0.0,0.0,0.0,2.0,1,0,0,0,1,0,0,0,0,0,0,0,0,0,0,0,0,0,1,0,0,0,0,0,0,0,0,0,0,0,0,0,0,0,0,0,0,0,0,0,0,0,0,0,0,0,0,1,0,0,0,0,0,0,0,1,0,0,0,0,1,0,0,0,0,0,0,0,0,0,0,0,0,0,0,0,0,0,0,0,0,1,0,0,0,0,0,0,0,0,0,0,0,0,0,0,0,0,0,0,0,0,0,0,0,0,0,0,0,0,0,0,0,0,0,0,0,0,0,0,0,0,0,0,0,1,0,0,1,0,0
16000.0,7.91,500.72,2,50000.0,2160,0,38.95,0.0,710.0,714.0,9.0,0.0,0.0,19023.0,60.8,11.0,3866,0.0,4.0,5.0,5.0,4.0,6.0,2.0,7.0,9.0,5.0,9.0,0.0,0.0,0.0,1.0,1,0,0,1,0,0,0,0,0,0,0,0,0,0,0,1,0,0,0,0,0,0,0,0,0,0,0,0,0,0,0,0,0,0,0,0,0,0,0,0,0,0,0,0,0,0,0,0,1,0,0,0,0,0,1,0,0,0,0,0,0,0,1,0,0,0,0,0,0,0,0,0,0,0,0,0,0,0,0,0,0,1,0,0,0,0,0,0,0,0,0,0,0,0,0,0,0,0,0,0,0,0,0,0,0,0,0,0,0,0,0,0,0,0,0,0,0,0,0,0,0,0,0,0,0,1,0,0,1,0,0
6000.0,10.49,194.99,2,77000.0,1763,0,17.27,0.0,660.0,664.0,16.0,1.0,1.0,220.0,3.6,49.0,9191,0.0,1.0,4.0,4.0,2.0,11.0,14.0,13.0,32.0,4.0,15.0,0.0,0.0,0.0,0.0,1,0,0,0,1,0,0,0,0,0,0,0,0,0,0,0,0,1,0,0,0,0,0,0,0,0,0,0,0,0,0,0,0,0,0,0,0,0,0,0,0,0,0,0,0,0,0,1,0,0,0,0,0,0,0,1,0,0,0,0,1,0,0,0,0,0,0,0,0,0,0,0,0,0,0,0,0,0,0,0,0,0,0,0,0,0,0,0,0,0,0,0,0,0,0,0,0,0,0,0,0,0,0,0,0,0,0,0,0,0,0,1,0,0,0,0,0,0,0,0,0,0,0,0,0,1,0,0,1,0,0
10375.0,15.61,250.16,9,58000.0,2770,0,21.02,0.0,705.0,709.0,16.0,0.0,0.0,36609.0,61.1,33.0,7214,0.0,3.0,4.0,4.0,5.0,6.0,14.0,13.0,14.0,4.0,16.0,0.0,0.0,0.0,2.0,0,1,0,0,0,0,1,0,0,0,0,0,0,0,0,0,0,0,0,0,0,0,0,0,0,0,1,0,0,0,0,0,0,0,0,0,0,0,0,0,0,0,0,0,0,0,0,1,0,0,0,0,0,0,1,0,0,0,0,0,1,0,0,0,0,0,0,0,0,0,0,0,0,0,0,0,0,0,0,0,0,0,0,0,0,0,0,0,0,0,0,0,0,0,0,0,0,0,0,0,0,0,0,0,0,0,0,0,0,1,0,0,0,0,0,0,0,0,0,0,0,0,0,0,0,1,0,0,1,0,0
5500.0,10.99,180.04,0,50000.0,2405,1,17.14,0.0,695.0,699.0,5.0,0.0,0.0,5463.0,76.9,10.0,9679,0.0,3.0,3.0,3.0,3.0,5.0,2.0,4.0,7.0,3.0,5.0,0.0,0.0,0.0,0.0,1,0,0,0,1,0,0,0,0,0,0,0,0,0,0,0,0,0,0,1,0,0,0,0,0,0,0,0,0,0,0,0,0,0,0,0,0,0,0,0,0,0,0,0,0,0,0,0,1,0,0,0,0,0,0,1,0,0,0,0,0,0,1,0,0,0,0,0,0,0,0,0,0,0,0,0,0,0,0,0,0,1,0,0,0,0,0,0,0,0,0,0,0,0,0,0,0,0,0,0,0,0,0,0,0,0,0,0,0,0,0,0,0,0,0,0,0,0,0,0,0,0,0,0,0,0,1,0,1,0,0
6000.0,21.0,226.06,10,40000.0,3286,1,28.95,3.0,660.0,664.0,6.0,0.0,0.0,6804.0,84.0,29.0,7426,1.0,2.0,4.0,4.0,2.0,13.0,7.0,4.0,22.0,4.0,6.0,0.0,0.0,1.0,0.0,1,0,0,0,0,0,0,1,0,0,0,0,0,0,0,0,0,0,0,0,0,0,0,0,0,0,0,0,0,0,0,0,1,0,0,0,0,0,0,0,0,0,0,0,0,0,0,0,1,0,0,0,0,0,1,0,0,0,0,0,0,1,0,0,0,0,0,0,0,0,0,0,0,0,0,0,0,0,0,0,0,1,0,0,0,0,0,0,0,0,0,0,0,0,0,0,0,0,0,0,0,0,0,0,0,0,0,0,0,0,0,0,0,0,0,0,0,0,0,0,0,0,0,0,0,1,0,0,1,0,0
20000.0,21.0,541.07,9,90000.0,2921,0,15.55,0.0,700.0,704.0,10.0,0.0,0.0,22859.0,57.0,38.0,8096,0.0,2.0,6.0,6.0,2.0,14.0,10.0,6.0,27.0,6.0,10.0,0.0,0.0,0.0,6.0,0,1,0,0,0,0,0,1,0,0,0,0,0,0,0,0,0,0,0,0,0,0,0,0,0,0,0,0,0,0,0,1,0,0,0,0,0,0,0,0,0,0,0,0,0,0,0,0,1,0,0,0,0,0,0,0,1,0,1,0,0,0,0,0,0,0,0,0,0,0,0,0,0,0,0,0,0,0,0,0,0,0,0,0,0,0,0,0,1,0,0,0,0,0,0,0,0,0,0,0,0,0,0,0,0,0,0,0,0,0,0,0,0,0,0,0,0,0,0,0,0,0,0,0,0,0,1,0,1,0,0
15500.0,15.99,376.85,4,77000.0,1825,0,27.42,0.0,660.0,664.0,23.0,1.0,1.0,19752.0,72.4,57.0,6422,0.0,3.0,11.0,11.0,5.0,8.0,33.0,16.0,22.0,11.0,23.0,0.0,0.0,0.0,7.0,0,1,0,0,0,1,0,0,0,0,0,0,0,0,0,0,0,0,0,0,0,0,0,0,0,1,0,0,0,0,0,0,0,0,0,0,0,0,0,0,0,0,0,0,0,0,0,1,0,0,0,0,0,0,1,0,0,0,0,0,0,0,1,0,0,0,0,0,0,0,0,0,0,0,0,0,0,0,0,0,0,0,0,0,0,0,0,0,0,0,0,0,0,0,0,0,0,0,0,0,0,0,0,0,0,0,0,0,0,0,0,0,0,0,0,0,1,0,0,0,0,0,0,0,0,1,0,0,1,0,0
3000.0,12.29,100.06,0,60000.0,2435,0,17.1,0.0,670.0,674.0,15.0,0.0,0.0,2681.0,4.9,29.0,9557,2.0,5.0,5.0,5.0,11.0,14.0,11.0,13.0,18.0,5.0,15.0,0.0,0.0,0.0,7.0,1,0,0,0,0,1,0,0,0,0,0,0,0,0,0,0,0,0,0,0,0,1,0,0,0,0,0,0,0,0,0,0,0,0,0,0,0,0,0,0,0,0,0,0,0,0,0,0,1,0,0,0,0,0,0,0,1,0,1,0,0,0,0,0,0,0,0,0,0,0,0,0,0,0,0,0,0,0,0,0,1,0,0,0,0,0,0,0,0,0,0,0,0,0,0,0,0,0,0,0,0,0,0,0,0,0,0,0,0,0,0,0,0,0,0,0,0,0,0,0,0,0,0,0,0,0,1,0,1,0,0
13025.0,17.57,468.09,1,60000.0,2617,0,9.98,0.0,660.0,664.0,6.0,1.0,1.0,4330.0,57.0,31.0,16435,1.0,2.0,3.0,3.0,4.0,13.0,6.0,5.0,19.0,3.0,6.0,0.0,0.0,0.0,1.0,1,0,0,0,0,0,1,0,0,0,0,0,0,0,0,0,0,0,0,0,0,0,0,0,0,0,0,0,0,1,0,0,0,0,0,0,0,0,0,0,0,0,0,0,0,0,0,1,0,0,0,0,0,0,0,1,0,0,1,0,0,0,0,0,0,0,0,0,0,0,0,0,0,0,0,0,0,0,0,0,0,0,0,0,0,0,0,0,0,0,0,0,0,0,0,0,0,0,0,0,0,0,0,0,0,0,0,0,0,0,0,0,0,0,0,0,0,0,0,0,0,1,0,0,0,1,0,0,1,0,0
20000.0,14.08,684.33,4,47500.0,1429,1,24.36,0.0,665.0,669.0,7.0,0.0,0.0,19497.0,53.1,19.0,7944,0.0,4.0,4.0,4.0,4.0,7.0,9.0,6.0,10.0,4.0,7.0,0.0,0.0,0.0,1.0,1,0,0,0,0,1,0,0,0,0,0,0,0,0,0,0,0,0,0,0,0,0,0,1,0,0,0,0,0,0,0,0,0,0,0,0,0,0,0,0,0,0,0,0,0,0,0,0,1,0,0,0,0,0,0,1,0,0,0,0,0,0,0,0,0,0,0,1,0,0,0,0,0,0,0,0,0,0,0,0,0,0,0,0,0,0,0,0,0,0,0,0,0,0,1,0,0,0,0,0,0,0,0,0,0,0,0,0,0,0,0,0,0,0,0,0,0,0,0,0,0,0,0,0,0,1,0,0,1,0,0
18000.0,7.39,359.75,10,75000.0,2039,0,16.97,2.0,680.0,684.0,12.0,0.0,0.0,7648.0,25.9,35.0,8065,6.0,6.0,8.0,8.0,7.0,12.0,3.0,10.0,31.0,8.0,11.0,0.0,0.0,0.0,1.0,0,1,0,1,0,0,0,0,0,0,0,0,0,0,1,0,0,0,0,0,0,0,0,0,0,0,0,0,0,0,0,0,0,0,0,0,0,0,0,0,0,0,0,0,0,0,0,1,0,0,0,0,0,0,0,1,0,0,1,0,0,0,0,0,0,0,0,0,0,0,0,0,0,0,0,0,0,0,0,0,0,0,1,0,0,0,0,0,0,0,0,0,0,0,0,0,0,0,0,0,0,0,0,0,0,0,0,0,0,0,0,0,0,0,0,0,0,0,0,0,0,0,0,0,0,0,1,0,1,0,0
15000.0,6.07,456.81,1,80000.0,1339,0,20.12,0.0,715.0,719.0,8.0,0.0,0.0,51551.0,61.0,24.0,9496,1.0,3.0,6.0,6.0,3.0,5.0,3.0,6.0,17.0,6.0,8.0,0.0,0.0,0.0,1.0,1,0,0,1,0,0,0,0,0,0,0,0,1,0,0,0,0,0,0,0,0,0,0,0,0,0,0,0,0,0,0,0,0,0,0,0,0,0,0,0,0,0,0,0,0,0,0,1,0,0,0,0,0,0,1,0,0,0,0,0,1,0,0,0,0,0,0,0,0,0,0,0,0,0,0,0,0,0,0,0,0,0,0,1,0,0,0,0,0,0,0,0,0,0,0,0,0,0,0,0,0,0,0,0,0,0,0,0,0,0,0,0,0,0,0,0,0,0,0,0,0,0,0,0,0,1,0,0,0,1,0
15000.0,14.09,513.33,5,40000.0,3104,0,20.1,0.0,695.0,699.0,6.0,0.0,0.0,13950.0,90.6,11.0,9344,0.0,3.0,4.0,4.0,3.0,5.0,4.0,4.0,7.0,4.0,6.0,0.0,0.0,0.0,1.0,1,0,0,0,1,0,0,0,0,0,0,0,0,0,0,0,0,0,0,0,1,0,0,0,0,0,0,0,0,0,0,0,0,0,0,0,0,0,0,0,0,0,0,0,0,0,0,1,0,0,0,0,0,0,0,1,0,0,0,0,0,0,1,0,0,0,0,0,0,0,0,0,0,0,0,0,0,0,0,0,0,0,0,0,0,0,0,1,0,0,0,0,0,0,0,0,0,0,0,0,0,0,0,0,0,0,0,0,0,0,0,0,0,0,0,0,0,0,0,0,0,0,0,0,0,0,1,0,1,0,0
5000.0,12.69,167.73,7,60000.0,2252,0,16.74,0.0,695.0,699.0,10.0,0.0,0.0,11030.0,58.4,14.0,5022,0.0,6.0,8.0,8.0,6.0,7.0,5.0,8.0,9.0,8.0,10.0,0.0,0.0,0.0,1.0,1,0,0,0,0,1,0,0,0,0,0,0,0,0,0,0,0,0,0,0,0,0,1,0,0,0,0,0,0,0,0,0,0,0,0,0,0,0,0,0,0,0,0,0,0,0,0,0,1,0,0,0,0,0,0,1,0,0,0,0,0,0,0,0,0,1,0,0,0,0,0,0,0,0,0,0,0,0,0,0,0,0,0,0,0,0,0,0,0,0,0,0,0,0,0,0,0,0,0,0,0,0,0,1,0,0,0,0,0,0,0,0,0,0,0,0,0,0,0,0,0,0,0,0,0,1,0,0,1,0,0
8425.0,8.59,266.31,10,40000.0,1947,0,12.57,2.0,665.0,669.0,17.0,1.0,1.0,7993.0,33.9,23.0,7913,0.0,5.0,9.0,9.0,8.0,8.0,5.0,17.0,18.0,9.0,17.0,0.0,0.0,0.0,1.0,1,0,0,1,0,0,0,0,0,0,0,0,0,0,0,1,0,0,0,0,0,0,0,0,0,0,0,0,0,0,0,0,0,0,0,0,0,0,0,0,0,0,0,0,0,0,0,1,0,0,0,0,0,0,1,0,0,0,1,0,0,0,0,0,0,0,0,0,0,0,0,0,0,0,0,0,0,0,0,0,0,0,0,0,0,0,0,0,0,0,0,0,0,0,0,0,0,0,0,1,0,0,0,0,0,0,0,0,0,0,0,0,0,0,0,0,0,0,0,0,0,0,0,0,0,1,0,0,1,0,0
6350.0,15.8,222.63,0,63500.0,3377,0,0.94,0.0,675.0,679.0,8.0,1.0,0.0,1125.0,9.3,19.0,7669,3.0,1.0,2.0,2.0,2.0,7.0,4.0,7.0,14.0,2.0,8.0,0.0,0.0,0.0,4.0,1,0,0,0,0,1,0,0,0,0,0,0,0,0,0,0,0,0,0,0,0,0,0,1,0,0,0,0,0,0,0,0,0,0,0,0,0,0,0,0,0,0,0,0,0,0,0,1,0,0,0,0,0,0,0,1,0,0,0,0,0,0,0,0,0,0,1,0,0,0,0,0,0,0,0,0,0,0,0,0,0,0,0,0,0,0,0,0,0,0,0,0,0,0,0,0,0,0,0,0,0,0,0,1,0,0,0,0,0,0,0,0,0,0,0,0,0,0,0,0,0,0,0,0,0,0,1,0,1,0,0
10000.0,14.59,344.65,4,40000.0,4261,0,24.15,0.0,675.0,679.0,8.0,0.0,0.0,22778.0,87.6,30.0,9496,,,,,,,,,,,,,,,,1,0,0,0,0,0,1,0,0,0,0,0,0,0,0,0,0,0,0,0,0,0,0,0,0,0,1,0,0,0,0,0,0,0,0,0,0,0,0,0,0,0,0,0,0,0,0,0,1,0,0,0,0,0,1,0,0,0,1,0,0,0,0,0,0,0,0,0,0,0,0,0,0,0,0,0,0,0,0,0,0,1,0,0,0,0,0,0,0,0,0,0,0,0,0,0,0,0,0,0,0,0,0,0,0,0,0,0,0,0,0,0,0,0,0,0,0,0,0,0,0,0,0,0,0,0,1,0,1,0,0
25000.0,12.74,839.23,7,105000.0,1794,1,26.77,0.0,670.0,674.0,29.0,0.0,0.0,41182.0,56.7,52.0,9068,4.0,14.0,21.0,21.0,15.0,19.0,12.0,26.0,37.0,21.0,29.0,0.0,0.0,0.0,6.0,1,0,0,0,0,1,0,0,0,0,0,0,0,0,0,0,0,0,0,0,0,1,0,0,0,0,0,0,0,0,0,0,0,0,0,0,0,0,0,0,0,0,0,0,0,0,0,1,0,0,0,0,0,0,1,0,0,0,1,0,0,0,0,0,0,0,0,0,0,0,0,0,0,0,0,0,0,0,0,0,0,1,0,0,0,0,0,0,0,0,0,0,0,0,0,0,0,0,0,0,0,0,0,0,0,0,0,0,0,0,0,0,0,0,0,0,0,0,0,0,0,0,0,0,0,1,0,0,1,0,0
10000.0,15.59,349.55,5,30000.0,2525,0,20.2,0.0,685.0,689.0,7.0,0.0,0.0,6772.0,41.3,17.0,5266,0.0,2.0,3.0,3.0,3.0,4.0,9.0,6.0,8.0,3.0,7.0,0.0,0.0,0.0,4.0,1,0,0,0,0,0,1,0,0,0,0,0,0,0,0,0,0,0,0,0,0,0,0,0,0,0,1,0,0,0,0,0,0,0,0,0,0,0,0,0,0,0,0,0,0,0,0,0,0,1,0,0,0,0,0,1,0,0,1,0,0,0,0,0,0,0,0,0,0,0,0,0,0,0,0,0,0,0,0,0,0,0,0,0,0,0,0,0,0,0,0,0,0,0,0,0,0,0,0,0,0,0,0,0,0,0,0,0,0,0,1,0,0,0,0,0,0,0,0,0,0,0,0,0,0,0,1,0,1,0,0
8000.0,12.79,268.75,10,50230.0,2008,0,17.35,0.0,665.0,669.0,21.0,0.0,0.0,28884.0,78.7,52.0,5934,0.0,6.0,12.0,12.0,6.0,7.0,21.0,18.0,29.0,12.0,21.0,0.0,0.0,0.0,4.0,1,0,0,0,0,1,0,0,0,0,0,0,0,0,0,0,0,0,0,0,0,1,0,0,0,0,0,0,0,0,0,0,0,0,0,0,0,0,0,0,0,0,0,0,0,0,0,1,0,0,0,0,0,0,0,0,1,0,0,0,0,0,1,0,0,0,0,0,0,0,0,0,0,0,0,0,0,0,0,0,0,0,0,0,0,0,0,0,0,0,1,0,0,0,0,0,0,0,0,0,0,0,0,0,0,0,0,0,0,0,0,0,0,0,0,0,0,0,0,0,0,0,0,0,0,0,1,0,1,0,0
8000.0,7.21,247.79,2,48000.0,1582,0,23.79,0.0,730.0,734.0,17.0,0.0,0.0,16276.0,29.3,30.0,10075,0.0,5.0,7.0,7.0,7.0,12.0,3.0,15.0,27.0,7.0,17.0,0.0,0.0,0.0,2.0,1,0,0,1,0,0,0,0,0,0,0,0,0,1,0,0,0,0,0,0,0,0,0,0,0,0,0,0,0,0,0,0,0,0,0,0,0,0,0,0,0,0,0,0,0,0,0,0,1,0,0,0,0,0,1,0,0,0,1,0,0,0,0,0,0,0,0,0,0,0,0,0,0,0,0,0,0,0,0,0,0,0,0,0,0,0,1,0,0,0,0,0,0,0,0,0,0,0,0,0,0,0,0,0,0,0,0,0,0,0,0,0,0,0,0,0,0,0,0,0,0,0,0,0,0,1,0,0,1,0,0
18000.0,7.49,559.83,8,68000.0,1855,0,23.88,0.0,760.0,764.0,10.0,0.0,0.0,2349.0,8.0,32.0,6574,0.0,2.0,3.0,3.0,4.0,10.0,11.0,6.0,14.0,3.0,10.0,0.0,0.0,0.0,3.0,1,0,0,1,0,0,0,0,0,0,0,0,0,0,1,0,0,0,0,0,0,0,0,0,0,0,0,0,0,0,0,0,0,0,0,0,0,0,0,0,0,0,0,0,0,0,0,1,0,0,0,0,0,0,1,0,0,0,1,0,0,0,0,0,0,0,0,0,0,0,0,0,0,0,0,0,0,0,0,0,0,0,0,0,0,0,0,0,0,0,0,0,0,0,0,0,0,0,0,0,0,0,0,0,0,0,1,0,0,0,0,0,0,0,0,0,0,0,0,0,0,0,0,0,0,1,0,0,1,0,0
35000.0,22.7,980.65,3,130000.0,3074,1,9.31,0.0,680.0,684.0,10.0,0.0,0.0,21322.0,54.7,27.0,12601,0.0,6.0,7.0,7.0,6.0,16.0,6.0,9.0,21.0,7.0,10.0,0.0,0.0,0.0,3.0,0,1,0,0,0,0,0,1,0,0,0,0,0,0,0,0,0,0,0,0,0,0,0,0,0,0,0,0,0,0,0,0,0,0,0,1,0,0,0,0,0,0,0,0,0,0,0,0,1,0,0,0,0,0,0,0,1,0,1,0,0,0,0,0,0,0,0,0,0,0,0,0,0,0,0,0,0,0,0,0,0,0,0,0,0,0,0,0,0,0,0,0,0,0,0,0,0,0,0,0,0,0,0,1,0,0,0,0,0,0,0,0,0,0,0,0,0,0,0,0,0,0,0,0,0,0,1,0,1,0,0
10675.0,13.98,248.28,3,57350.0,2678,0,16.57,0.0,750.0,754.0,6.0,0.0,0.0,5578.0,23.0,12.0,12905,0.0,2.0,5.0,5.0,2.0,5.0,4.0,5.0,8.0,5.0,6.0,0.0,0.0,0.0,0.0,0,1,0,0,0,1,0,0,0,0,0,0,0,0,0,0,0,0,0,0,0,0,0,1,0,0,0,0,0,0,0,0,0,0,0,0,0,0,0,0,0,0,0,0,0,0,0,0,1,0,0,0,0,0,0,1,0,0,1,0,0,0,0,0,0,0,0,0,0,0,0,0,0,0,0,0,0,0,0,0,0,1,0,0,0,0,0,0,0,0,0,0,0,0,0,0,0,0,0,0,0,0,0,0,0,0,0,0,0,0,0,0,0,0,0,0,0,0,0,0,0,0,0,0,0,1,0,0,1,0,0
15000.0,19.24,391.1,8,52000.0,2525,1,5.47,0.0,660.0,664.0,4.0,0.0,0.0,7017.0,92.3,15.0,7730,1.0,2.0,3.0,3.0,2.0,4.0,3.0,3.0,7.0,3.0,4.0,0.0,0.0,0.0,1.0,0,1,0,0,0,0,0,1,0,0,0,0,0,0,0,0,0,0,0,0,0,0,0,0,0,0,0,0,0,0,0,0,1,0,0,0,0,0,0,0,0,0,0,0,0,0,0,1,0,0,0,0,0,0,0,1,0,0,1,0,0,0,0,0,0,0,0,0,0,0,0,0,0,0,0,0,0,0,0,0,0,0,0,0,0,0,0,0,0,0,0,0,0,0,0,0,1,0,0,0,0,0,0,0,0,0,0,0,0,0,0,0,0,0,0,0,0,0,0,0,0,0,0,0,0,1,0,0,1,0,0
10000.0,7.89,312.86,8,75000.0,2435,0,13.3,0.0,685.0,689.0,12.0,0.0,0.0,10083.0,48.7,21.0,6118,0.0,4.0,4.0,4.0,5.0,8.0,9.0,8.0,12.0,4.0,12.0,0.0,0.0,0.0,2.0,1,0,0,1,0,0,0,0,0,0,0,0,0,0,0,1,0,0,0,0,0,0,0,0,0,0,0,0,0,0,0,0,0,0,0,0,0,0,0,0,0,0,0,0,0,0,0,0,1,0,0,0,0,0,1,0,0,0,1,0,0,0,0,0,0,0,0,0,0,0,0,0,0,0,0,0,1,0,0,0,0,0,0,0,0,0,0,0,0,0,0,0,0,0,0,0,0,0,0,0,0,0,0,0,0,0,0,0,0,0,0,0,0,0,0,0,0,0,0,0,0,0,0,0,0,1,0,0,1,0,0
18000.0,8.49,568.14,10,250000.0,2160,0,7.37,0.0,750.0,754.0,6.0,0.0,0.0,25874.0,76.1,11.0,9009,0.0,2.0,2.0,2.0,2.0,5.0,4.0,3.0,7.0,2.0,6.0,0.0,0.0,0.0,0.0,1,0,0,0,1,0,0,0,0,0,0,0,0,0,0,0,1,0,0,0,0,0,0,0,0,0,0,0,0,0,0,0,0,0,0,0,0,0,0,0,0,0,0,0,0,0,0,0,1,0,0,0,0,0,1,0,0,0,0,0,0,0,1,0,0,0,0,0,0,0,0,0,0,0,0,0,0,0,0,0,0,0,0,0,0,0,1,0,0,0,0,0,0,0,0,0,0,0,0,0,0,0,0,0,0,0,0,0,0,0,0,0,0,0,0,0,0,0,0,0,0,0,0,0,0,1,0,0,1,0,0
20000.0,16.55,708.59,2,63800.0,2191,0,33.69,5.0,675.0,679.0,13.0,0.0,0.0,15238.0,93.0,24.0,10560,2.0,3.0,8.0,8.0,3.0,6.0,9.0,8.0,13.0,8.0,13.0,0.0,0.0,2.0,4.0,1,0,0,0,0,0,1,0,0,0,0,0,0,0,0,0,0,0,0,0,0,0,0,0,0,0,0,1,0,0,0,0,0,0,0,0,0,0,0,0,0,0,0,0,0,0,0,1,0,0,0,0,0,0,0,0,1,0,1,0,0,0,0,0,0,0,0,0,0,0,0,0,0,0,0,0,0,0,0,0,0,0,0,0,0,0,0,0,0,0,0,0,0,0,0,0,0,0,0,0,0,0,0,0,0,0,0,0,0,0,0,0,0,0,0,0,1,0,0,0,0,0,0,0,0,0,1,0,1,0,0
13000.0,13.35,298.13,10,52000.0,2617,1,18.44,0.0,705.0,709.0,7.0,0.0,0.0,17703.0,38.8,13.0,6361,0.0,3.0,5.0,5.0,4.0,5.0,5.0,6.0,8.0,5.0,7.0,0.0,0.0,0.0,1.0,0,1,0,0,0,1,0,0,0,0,0,0,0,0,0,0,0,0,0,0,0,0,1,0,0,0,0,0,0,0,0,0,0,0,0,0,0,0,0,0,0,0,0,0,0,0,0,0,1,0,0,0,0,0,0,1,0,0,0,0,0,0,1,0,0,0,0,0,0,0,0,0,0,0,0,0,0,0,0,0,0,0,0,0,0,0,0,0,0,0,0,0,0,1,0,0,0,0,0,0,0,0,0,0,0,0,0,0,0,0,0,0,0,0,0,0,0,0,0,0,0,0,0,0,0,0,1,0,1,0,0
4000.0,23.99,156.92,10,91000.0,1735,0,13.64,1.0,665.0,669.0,10.0,1.0,0.0,14847.0,58.9,25.0,8065,0.0,3.0,4.0,4.0,5.0,14.0,6.0,8.0,19.0,4.0,10.0,0.0,0.0,0.0,3.0,1,0,0,0,0,0,0,1,0,0,0,0,0,0,0,0,0,0,0,0,0,0,0,0,0,0,0,0,0,0,0,0,1,0,0,0,0,0,0,0,0,0,0,0,0,0,0,0,1,0,0,0,0,0,0,1,0,0,1,0,0,0,0,0,0,0,0,0,0,0,0,0,0,1,0,0,0,0,0,0,0,0,0,0,0,0,0,0,0,0,0,0,0,0,0,0,0,0,0,0,0,0,0,0,0,0,0,0,0,0,0,0,0,0,0,0,0,0,0,0,0,0,0,0,0,0,1,0,1,0,0
15000.0,24.84,438.87,4,50000.0,1309,1,7.39,0.0,730.0,734.0,4.0,0.0,0.0,1147.0,11.7,7.0,2678,0.0,1.0,1.0,1.0,1.0,1.0,5.0,2.0,2.0,1.0,4.0,0.0,0.0,0.0,5.0,0,1,0,0,0,0,0,1,0,0,0,0,0,0,0,0,0,0,0,0,0,0,0,0,0,0,0,0,0,0,0,0,0,1,0,0,0,0,0,0,0,0,0,0,0,0,0,0,1,0,0,0,0,0,0,1,0,0,0,0,1,0,0,0,0,0,0,0,0,0,0,0,0,0,0,0,0,0,0,0,0,0,0,0,0,0,0,0,0,0,0,0,0,0,1,0,0,0,0,0,0,0,0,0,0,0,0,0,0,0,0,0,0,0,0,0,0,0,0,0,0,0,0,0,0,1,0,0,1,0,0
6500.0,9.49,208.19,4,26500.0,1947,1,15.63,0.0,675.0,679.0,8.0,0.0,0.0,2327.0,58.2,16.0,5478,3.0,1.0,1.0,1.0,2.0,2.0,14.0,2.0,2.0,1.0,8.0,0.0,0.0,0.0,0.0,1,0,0,0,1,0,0,0,0,0,0,0,0,0,0,0,0,1,0,0,0,0,0,0,0,0,0,0,0,0,0,0,0,0,0,0,0,0,0,0,0,0,0,0,0,0,0,0,1,0,0,0,0,0,0,1,0,0,1,0,0,0,0,0,0,0,0,0,0,0,0,0,0,1,0,0,0,0,0,0,0,0,0,0,0,0,0,0,0,0,0,0,0,0,0,0,0,0,0,0,0,0,0,0,0,0,0,0,0,0,0,0,0,0,0,0,0,0,0,0,0,0,0,0,0,0,1,0,1,0,0
14650.0,21.99,404.54,10,75000.0,2282,0,36.99,1.0,685.0,689.0,21.0,0.0,0.0,21005.0,44.5,31.0,10866,0.0,7.0,10.0,10.0,7.0,8.0,7.0,16.0,21.0,10.0,21.0,0.0,0.0,0.0,3.0,0,1,0,0,0,0,0,0,1,0,0,0,0,0,0,0,0,0,0,0,0,0,0,0,0,0,0,0,0,0,0,0,0,0,0,0,1,0,0,0,0,0,0,0,0,0,0,1,0,0,0,0,0,0,0,0,1,0,1,0,0,0,0,0,0,0,0,0,0,0,0,0,0,0,0,0,0,0,0,0,0,0,0,0,0,0,0,0,0,0,0,0,0,0,0,0,0,0,0,0,0,0,0,0,0,0,0,0,0,0,0,1,0,0,0,0,0,0,0,0,0,0,0,0,0,0,1,0,1,0,0
8000.0,6.89,246.62,9,50000.0,2252,0,13.12,0.0,730.0,734.0,9.0,0.0,0.0,16405.0,41.3,11.0,8583,0.0,4.0,5.0,5.0,6.0,6.0,2.0,8.0,8.0,5.0,9.0,0.0,0.0,0.0,0.0,1,0,0,1,0,0,0,0,0,0,0,0,0,1,0,0,0,0,0,0,0,0,0,0,0,0,0,0,0,0,0,0,0,0,0,0,0,0,0,0,0,0,0,0,0,0,0,0,1,0,0,0,0,0,0,1,0,0,1,0,0,0,0,0,0,0,0,0,0,0,0,0,0,0,0,1,0,0,0,0,0,0,0,0,0,0,0,0,0,0,0,0,0,0,0,0,0,0,0,0,0,0,0,0,0,0,0,0,0,0,0,0,0,0,0,0,0,0,0,0,0,0,0,0,0,1,0,0,1,0,0
9500.0,15.61,332.17,9,70000.0,2586,0,7.44,2.0,665.0,669.0,7.0,0.0,0.0,2205.0,73.5,22.0,6391,2.0,2.0,3.0,3.0,3.0,4.0,10.0,4.0,6.0,3.0,7.0,0.0,0.0,1.0,3.0,1,0,0,0,0,0,1,0,0,0,0,0,0,0,0,0,0,0,0,0,0,0,0,0,0,0,1,0,0,0,0,0,0,0,0,0,0,0,0,0,0,0,0,0,0,0,0,1,0,0,0,0,0,0,0,1,0,0,1,0,0,0,0,0,0,0,0,0,0,0,0,0,0,0,0,0,0,0,0,0,0,1,0,0,0,0,0,0,0,0,0,0,0,0,0,0,0,0,0,0,0,0,0,0,0,0,0,0,0,0,0,0,0,0,0,0,0,0,0,0,0,0,0,0,0,0,1,0,1,0,0
16000.0,9.16,509.99,10,75000.0,2069,0,21.71,0.0,735.0,739.0,14.0,0.0,0.0,21842.0,63.9,26.0,12356,0.0,3.0,5.0,5.0,4.0,6.0,13.0,7.0,10.0,5.0,14.0,0.0,0.0,0.0,0.0,1,0,0,0,1,0,0,0,0,0,0,0,0,0,0,0,0,1,0,0,0,0,0,0,0,0,0,0,0,0,0,0,0,0,0,0,0,0,0,0,0,0,0,0,0,0,0,1,0,0,0,0,0,0,1,0,0,0,0,0,0,0,1,0,0,0,0,0,0,0,0,0,0,0,0,0,1,0,0,0,0,0,0,0,0,0,0,0,0,0,0,0,0,0,0,0,0,0,0,0,0,0,0,0,0,0,0,0,0,0,0,0,0,0,0,0,0,0,0,0,0,0,0,0,0,1,0,0,1,0,0
6000.0,10.99,196.41,2,65000.0,2313,0,12.76,0.0,660.0,664.0,18.0,1.0,1.0,2069.0,10.9,45.0,5235,0.0,6.0,6.0,6.0,8.0,21.0,4.0,15.0,39.0,6.0,15.0,0.0,0.0,0.0,4.0,1,0,0,0,1,0,0,0,0,0,0,0,0,0,0,0,0,0,0,1,0,0,0,0,0,0,0,0,0,0,0,0,0,0,0,0,0,0,0,0,0,0,0,0,0,0,0,0,1,0,0,0,0,0,0,1,0,0,1,0,0,0,0,0,0,0,0,0,0,0,0,0,0,0,0,0,0,0,0,0,0,0,0,0,0,0,0,0,0,0,0,0,0,0,0,0,0,0,0,0,0,0,0,1,0,0,0,0,0,0,0,0,0,0,0,0,0,0,0,0,0,0,0,0,0,1,0,0,1,0,0
15000.0,11.44,494.22,1,94000.0,2556,0,16.32,0.0,685.0,689.0,13.0,4.0,1.0,7032.0,66.3,35.0,7000,0.0,3.0,3.0,3.0,3.0,10.0,19.0,5.0,14.0,3.0,13.0,0.0,0.0,0.0,5.0,1,0,0,0,1,0,0,0,0,0,0,0,0,0,0,0,0,0,0,1,0,0,0,0,0,0,0,0,0,0,0,0,0,0,0,0,0,0,0,0,0,0,0,0,0,0,0,0,0,1,0,0,0,0,0,1,0,0,1,0,0,0,0,0,0,0,0,0,0,0,0,0,0,0,0,0,0,1,0,0,0,0,0,0,0,0,0,0,0,0,0,0,0,0,0,0,0,0,0,0,0,0,0,0,0,0,0,0,0,0,0,0,0,0,0,0,0,0,0,0,0,0,0,0,0,0,1,0,1,0,0
5000.0,9.75,160.75,2,20000.0,2100,0,22.57,0.0,680.0,684.0,19.0,0.0,0.0,3723.0,20.1,23.0,4292,0.0,3.0,4.0,4.0,5.0,6.0,9.0,11.0,14.0,4.0,19.0,0.0,0.0,0.0,2.0,1,0,0,0,1,0,0,0,0,0,0,0,0,0,0,0,0,0,1,0,0,0,0,0,0,0,0,0,0,0,0,0,0,0,0,0,0,0,0,0,0,0,0,0,0,0,0,0,1,0,0,0,0,0,0,1,0,0,1,0,0,0,0,0,0,0,0,0,0,0,0,0,0,0,0,0,0,0,0,0,0,0,0,0,1,0,0,0,0,0,0,0,0,0,0,0,0,0,0,0,0,0,0,0,0,0,0,0,0,0,0,0,0,0,0,0,0,0,0,0,0,0,0,0,0,0,1,0,1,0,0
20000.0,7.89,625.72,10,200000.0,2405,0,19.57,0.0,710.0,714.0,13.0,0.0,0.0,22515.0,60.5,30.0,17441,0.0,3.0,5.0,5.0,4.0,7.0,11.0,6.0,18.0,6.0,13.0,0.0,0.0,0.0,2.0,1,0,0,1,0,0,0,0,0,0,0,0,0,0,0,1,0,0,0,0,0,0,0,0,0,0,0,0,0,0,0,0,0,0,0,0,0,0,0,0,0,0,0,0,0,0,0,0,1,0,0,0,0,0,0,1,0,0,1,0,0,0,0,0,0,0,0,0,0,0,0,0,0,0,0,0,0,0,0,0,0,0,0,0,0,0,1,0,0,0,0,0,0,0,0,0,0,0,0,0,0,0,0,0,0,0,0,0,0,0,0,0,0,0,0,0,0,0,0,0,0,0,0,0,0,0,1,0,1,0,0
25000.0,11.49,824.29,2,86500.0,1763,0,22.78,0.0,795.0,799.0,12.0,0.0,0.0,7132.0,21.2,18.0,7365,0.0,2.0,4.0,4.0,4.0,5.0,11.0,6.0,7.0,4.0,12.0,0.0,0.0,0.0,2.0,1,0,0,0,1,0,0,0,0,0,0,0,0,0,0,0,0,0,0,0,1,0,0,0,0,0,0,0,0,0,0,0,0,0,0,0,0,0,0,0,0,0,0,0,0,0,0,0,1,0,0,0,0,0,0,0,1,0,1,0,0,0,0,0,0,0,0,0,0,0,0,0,0,0,0,0,0,0,0,0,0,0,0,0,0,0,0,0,0,0,0,1,0,0,0,0,0,0,0,0,0,0,0,0,0,0,0,0,0,0,0,0,0,0,0,0,0,0,0,0,0,0,0,0,0,0,1,0,1,0,0
35000.0,18.45,897.37,10,130020.0,1339,1,17.92,0.0,765.0,769.0,54.0,0.0,0.0,4416.0,6.8,78.0,7183,0.0,2.0,4.0,4.0,8.0,12.0,55.0,16.0,23.0,4.0,54.0,0.0,0.0,0.0,6.0,0,1,0,0,0,0,1,0,0,0,0,0,0,0,0,0,0,0,0,0,0,0,0,0,0,0,0,1,0,0,0,0,0,0,0,0,0,0,0,0,0,0,0,0,0,0,0,0,1,0,0,0,0,0,0,1,0,0,1,0,0,0,0,0,0,0,0,0,0,0,0,0,0,0,0,0,0,0,0,0,0,0,0,0,0,0,0,0,0,0,0,0,0,0,0,0,0,0,0,0,0,1,0,0,0,0,0,0,0,0,0,0,0,0,0,0,0,0,0,0,0,0,0,0,0,1,0,0,1,0,0
9600.0,14.65,331.15,2,42000.0,2344,1,7.09,0.0,720.0,724.0,9.0,1.0,1.0,657.0,11.9,20.0,8614,0.0,1.0,1.0,1.0,1.0,1.0,10.0,4.0,8.0,1.0,9.0,0.0,0.0,0.0,2.0,1,0,0,0,0,1,0,0,0,0,0,0,0,0,0,0,0,0,0,0,0,0,0,0,0,1,0,0,0,0,0,0,0,0,0,0,0,0,0,0,0,0,0,0,0,0,0,1,0,0,0,0,0,0,1,0,0,0,0,0,1,0,0,0,0,0,0,0,0,0,0,0,0,0,0,0,0,0,0,0,0,0,0,0,0,0,0,0,0,0,0,0,0,0,0,0,0,0,0,0,0,0,0,0,0,0,0,0,0,0,0,0,0,0,0,0,1,0,0,0,0,0,0,0,0,1,0,0,1,0,0
14400.0,7.89,450.52,8,55000.0,2344,0,25.6,0.0,705.0,709.0,10.0,0.0,0.0,17080.0,40.0,37.0,6208,0.0,6.0,7.0,7.0,7.0,15.0,14.0,8.0,23.0,7.0,10.0,0.0,0.0,0.0,3.0,1,0,0,1,0,0,0,0,0,0,0,0,0,0,0,1,0,0,0,0,0,0,0,0,0,0,0,0,0,0,0,0,0,0,0,0,0,0,0,0,0,0,0,0,0,0,0,1,0,0,0,0,0,0,1,0,0,0,0,0,0,0,1,0,0,0,0,0,0,0,0,0,0,0,0,0,0,0,0,0,0,0,0,0,1,0,0,0,0,0,0,0,0,0,0,0,0,0,0,0,0,0,0,0,0,0,0,0,0,0,0,0,0,0,0,0,0,0,0,0,0,0,0,0,0,1,0,0,1,0,0
6075.0,14.09,207.9,2,30000.0,3104,0,14.07,0.0,660.0,664.0,10.0,0.0,0.0,3625.0,26.3,13.0,6208,0.0,4.0,8.0,8.0,5.0,5.0,3.0,9.0,10.0,8.0,10.0,0.0,0.0,0.0,2.0,1,0,0,0,1,0,0,0,0,0,0,0,0,0,0,0,0,0,0,0,1,0,0,0,0,0,0,0,0,0,0,0,0,0,0,0,0,0,0,0,0,0,0,0,0,0,0,0,1,0,0,0,0,0,1,0,0,0,0,0,0,0,1,0,0,0,0,0,0,0,0,0,0,0,0,1,0,0,0,0,0,0,0,0,0,0,0,0,0,0,0,0,0,0,0,0,0,0,0,0,0,0,0,0,0,0,0,0,0,0,0,0,0,0,0,0,0,0,0,0,0,0,0,0,0,0,1,0,1,0,0
3000.0,14.46,103.21,0,25200.0,2100,0,3.64,0.0,660.0,664.0,3.0,0.0,0.0,0.0,0.0,7.0,7061,1.0,0.0,0.0,0.0,1.0,1.0,3.0,1.0,2.0,0.0,3.0,0.0,0.0,0.0,0.0,1,0,0,0,0,1,0,0,0,0,0,0,0,0,0,0,0,0,0,0,0,0,0,0,1,0,0,0,0,0,0,0,0,0,0,0,0,0,0,0,0,0,0,0,0,0,0,0,1,0,0,0,0,0,0,0,1,0,1,0,0,0,0,0,0,0,0,0,0,0,0,0,0,0,0,0,0,0,0,0,0,0,0,0,0,0,1,0,0,0,0,0,0,0,0,0,0,0,0,0,0,0,0,0,0,0,0,0,0,0,0,0,0,0,0,0,0,0,0,0,0,0,0,0,0,1,0,0,1,0,0
35000.0,10.64,1139.9,10,85000.0,3074,0,22.47,0.0,775.0,779.0,13.0,0.0,0.0,120918.0,30.5,39.0,12327,0.0,3.0,7.0,7.0,5.0,20.0,5.0,11.0,32.0,7.0,13.0,0.0,0.0,0.0,3.0,1,0,0,0,1,0,0,0,0,0,0,0,0,0,0,0,0,1,0,0,0,0,0,0,0,0,0,0,0,0,0,0,0,0,0,0,0,0,0,0,0,0,0,0,0,0,0,1,0,0,0,0,0,0,0,0,1,0,1,0,0,0,0,0,0,0,0,0,0,0,0,0,0,0,0,0,0,0,0,0,0,0,0,0,0,0,0,0,0,0,0,0,0,0,0,0,0,0,0,0,0,0,0,0,0,0,0,0,0,1,0,0,0,0,0,0,0,0,0,0,0,0,0,0,0,0,1,0,1,0,0
25000.0,6.89,770.68,10,409000.0,2313,0,17.51,0.0,730.0,734.0,21.0,1.0,0.0,32686.0,47.6,32.0,6696,0.0,3.0,3.0,3.0,12.0,17.0,10.0,13.0,19.0,3.0,21.0,0.0,0.0,0.0,4.0,1,0,0,1,0,0,0,0,0,0,0,0,0,1,0,0,0,0,0,0,0,0,0,0,0,0,0,0,0,0,0,0,0,0,0,0,0,0,0,0,0,0,0,0,0,0,0,1,0,0,0,0,0,0,0,0,1,0,0,0,1,0,0,0,0,0,0,0,0,0,0,0,0,0,0,0,0,0,0,0,0,0,0,1,0,0,0,0,0,0,0,0,0,0,0,0,0,0,0,0,0,0,0,0,0,0,0,0,0,0,0,0,0,0,0,0,0,0,0,0,0,0,0,0,0,1,0,0,1,0,0
16000.0,15.59,365.53,8,85000.0,1978,0,11.21,0.0,675.0,679.0,10.0,0.0,0.0,29526.0,75.7,14.0,5235,0.0,6.0,8.0,8.0,6.0,6.0,3.0,9.0,10.0,8.0,10.0,0.0,0.0,0.0,2.0,0,1,0,0,0,1,0,0,0,0,0,0,0,0,0,0,0,0,0,0,0,0,0,0,0,1,0,0,0,0,0,0,0,0,0,0,0,0,0,0,0,0,0,0,0,0,0,1,0,0,0,0,0,0,0,1,0,0,1,0,0,0,0,0,0,0,0,0,0,0,0,0,0,0,0,0,0,0,0,0,0,1,0,0,0,0,0,0,0,0,0,0,0,0,0,0,0,0,0,0,0,0,0,0,0,0,0,0,0,0,0,0,0,0,0,0,0,0,0,0,0,0,0,0,0,1,0,0,1,0,0
3000.0,7.9,93.88,0,96000.0,3682,0,0.19,1.0,735.0,739.0,4.0,0.0,0.0,25.0,0.1,14.0,9283,,,,,,,,,,,,,,,,1,0,0,1,0,0,0,0,0,0,0,0,0,0,1,0,0,0,0,0,0,0,0,0,0,0,0,0,0,0,0,0,0,0,0,0,0,0,0,0,0,0,0,0,0,0,0,1,0,0,0,0,0,0,0,1,0,0,0,0,0,0,0,0,0,0,1,0,0,0,0,0,0,1,0,0,0,0,0,0,0,0,0,0,0,0,0,0,0,0,0,0,0,0,0,0,0,0,0,0,0,0,0,0,0,0,0,0,0,0,0,0,0,0,0,0,0,0,0,0,0,0,0,0,0,0,1,0,1,0,0
6000.0,12.12,199.63,6,70000.0,3135,0,9.79,1.0,715.0,719.0,19.0,0.0,0.0,16966.0,35.8,52.0,9252,0.0,7.0,9.0,9.0,11.0,15.0,23.0,16.0,25.0,9.0,19.0,0.0,0.0,0.0,0.0,1,0,0,0,1,0,0,0,0,0,0,0,0,0,0,0,0,0,1,0,0,0,0,0,0,0,0,0,0,0,0,0,0,0,0,0,0,0,0,0,0,0,0,0,0,0,0,1,0,0,0,0,0,0,1,0,0,0,0,0,0,0,0,1,0,0,0,0,0,0,0,0,0,0,0,0,0,0,0,0,0,1,0,0,0,0,0,0,0,0,0,0,0,0,0,0,0,0,0,0,0,0,0,0,0,0,0,0,0,0,0,0,0,0,0,0,0,0,0,0,0,0,0,0,0,0,1,0,1,0,0
10000.0,15.31,348.18,5,32000.0,3165,0,17.74,0.0,695.0,699.0,13.0,0.0,0.0,9668.0,85.6,38.0,10014,0.0,3.0,4.0,4.0,4.0,13.0,18.0,5.0,20.0,4.0,13.0,0.0,0.0,0.0,0.0,1,0,0,0,0,1,0,0,0,0,0,0,0,0,0,0,0,0,0,0,0,0,1,0,0,0,0,0,0,0,0,0,0,0,0,0,0,0,0,0,0,0,0,0,0,0,0,1,0,0,0,0,0,0,1,0,0,0,1,0,0,0,0,0,0,0,0,0,0,0,0,0,0,0,0,0,0,0,0,0,0,0,0,0,0,0,1,0,0,0,0,0,0,0,0,0,0,0,0,0,0,0,0,0,0,0,0,0,0,0,0,0,0,0,0,0,0,0,0,0,0,0,0,0,0,0,1,0,1,0,0
15000.0,18.99,389.03,3,57000.0,2129,1,35.45,0.0,695.0,699.0,17.0,0.0,0.0,11088.0,49.9,39.0,7730,0.0,7.0,7.0,7.0,8.0,10.0,26.0,9.0,12.0,7.0,17.0,0.0,0.0,0.0,3.0,0,1,0,0,0,0,0,1,0,0,0,0,0,0,0,0,0,0,0,0,0,0,0,0,0,0,0,0,0,0,0,1,0,0,0,0,0,0,0,0,0,0,0,0,0,0,0,1,0,0,0,0,0,0,0,1,0,0,0,0,0,0,0,1,0,0,0,0,0,0,0,0,0,0,0,0,0,0,0,0,0,0,0,0,0,0,0,0,0,0,0,0,0,1,0,0,0,0,0,0,0,0,0,0,0,0,0,0,0,0,0,0,0,0,0,0,0,0,0,0,0,0,0,0,0,0,1,0,1,0,0
16000.0,14.16,373.63,10,120000.0,2800,0,34.77,1.0,725.0,729.0,12.0,0.0,0.0,1859.0,18.6,39.0,9740,0.0,2.0,5.0,5.0,4.0,17.0,8.0,8.0,27.0,5.0,12.0,0.0,0.0,0.0,1.0,0,1,0,0,0,1,0,0,0,0,0,0,0,0,0,0,0,0,0,0,0,0,1,0,0,0,0,0,0,0,0,0,0,0,0,0,0,0,0,0,0,0,0,0,0,0,0,1,0,0,0,0,0,0,0,0,1,0,1,0,0,0,0,0,0,0,0,0,0,0,0,0,0,0,0,0,0,0,0,0,0,0,0,0,0,0,0,1,0,0,0,0,0,0,0,0,0,0,0,0,0,0,0,0,0,0,0,0,0,0,0,0,0,0,0,0,0,0,0,0,0,0,0,0,0,1,0,0,1,0,0
24000.0,9.99,509.82,8,60000.0,2313,1,12.04,0.0,695.0,699.0,9.0,0.0,0.0,16196.0,47.4,16.0,6543,0.0,5.0,5.0,5.0,6.0,9.0,5.0,8.0,11.0,5.0,9.0,0.0,0.0,0.0,2.0,0,1,0,0,1,0,0,0,0,0,0,0,0,0,0,0,0,0,1,0,0,0,0,0,0,0,0,0,0,0,0,0,0,0,0,0,0,0,0,0,0,0,0,0,0,0,0,0,1,0,0,0,0,0,1,0,0,0,1,0,0,0,0,0,0,0,0,0,0,0,0,0,0,0,0,0,0,0,0,0,0,0,0,0,0,0,0,0,0,0,0,0,0,0,0,0,0,0,0,1,0,0,0,0,0,0,0,0,0,0,0,0,0,0,0,0,0,0,0,0,0,0,0,0,0,1,0,0,1,0,0
1600.0,14.65,55.2,4,40000.0,2435,1,16.53,0.0,670.0,674.0,9.0,0.0,0.0,8923.0,61.5,12.0,4261,0.0,2.0,4.0,4.0,2.0,2.0,3.0,6.0,7.0,4.0,9.0,0.0,0.0,0.0,4.0,1,0,0,0,0,1,0,0,0,0,0,0,0,0,0,0,0,0,0,0,0,0,0,0,0,1,0,0,0,0,0,0,0,0,0,0,0,0,0,0,0,0,0,0,0,0,0,1,0,0,0,0,0,0,0,1,0,0,0,0,0,0,0,1,0,0,0,0,0,0,0,0,0,0,0,0,0,0,0,0,0,0,0,0,0,0,0,0,0,0,0,0,0,0,0,0,0,0,0,0,0,0,0,0,0,1,0,0,0,0,0,0,0,0,0,0,0,0,0,0,0,0,0,0,0,0,1,0,1,0,0
15000.0,15.99,364.7,2,76000.0,1825,0,16.56,0.0,660.0,664.0,11.0,0.0,0.0,12128.0,47.9,18.0,8096,0.0,3.0,5.0,5.0,4.0,7.0,6.0,8.0,11.0,5.0,11.0,0.0,0.0,0.0,3.0,0,1,0,0,0,1,0,0,0,0,0,0,0,0,0,0,0,0,0,0,0,0,0,0,0,1,0,0,0,0,0,0,0,0,0,0,0,0,0,0,0,0,0,0,0,0,0,1,0,0,0,0,0,0,0,1,0,0,1,0,0,0,0,0,0,0,0,0,0,0,0,0,0,0,0,0,0,0,0,0,0,0,0,0,1,0,0,0,0,0,0,0,0,0,0,0,0,0,0,0,0,0,0,0,0,0,0,0,0,0,0,0,0,0,0,0,0,0,0,0,0,0,0,0,0,1,0,0,1,0,0
15000.0,15.61,361.67,7,55000.0,2890,0,22.0,0.0,700.0,704.0,16.0,0.0,0.0,25383.0,63.0,27.0,8188,0.0,6.0,11.0,11.0,6.0,9.0,7.0,12.0,17.0,11.0,16.0,0.0,0.0,0.0,2.0,0,1,0,0,0,1,0,0,0,0,0,0,0,0,0,0,0,0,0,0,0,0,0,0,1,0,0,0,0,0,0,0,0,0,0,0,0,0,0,0,0,0,0,0,0,0,0,1,0,0,0,0,0,0,0,1,0,0,1,0,0,0,0,0,0,0,0,0,0,0,0,0,0,0,0,0,0,0,0,0,0,0,0,0,0,0,0,0,0,0,0,0,0,0,0,1,0,0,0,0,0,0,0,0,0,0,0,0,0,0,0,0,0,0,0,0,0,0,0,0,0,0,0,0,0,0,1,0,1,0,0
10000.0,21.67,274.32,8,67000.0,2466,1,16.38,0.0,665.0,669.0,12.0,0.0,0.0,24737.0,85.5,23.0,10379,0.0,8.0,8.0,8.0,10.0,13.0,1.0,11.0,22.0,8.0,12.0,0.0,0.0,0.0,5.0,0,1,0,0,0,0,0,1,0,0,0,0,0,0,0,0,0,0,0,0,0,0,0,0,0,0,0,0,0,0,0,0,0,0,0,1,0,0,0,0,0,0,0,0,0,0,0,0,0,1,0,0,0,0,0,0,1,0,1,0,0,0,0,0,0,0,0,0,0,0,0,0,0,0,0,0,0,0,0,0,0,0,0,0,0,0,1,0,0,0,0,0,0,0,0,0,0,0,0,0,0,0,0,0,0,0,0,0,0,0,0,0,0,0,0,0,0,0,0,0,0,0,0,0,0,1,0,0,1,0,0
16000.0,11.49,527.55,10,340000.0,1886,0,24.61,0.0,710.0,714.0,31.0,0.0,0.0,59690.0,40.7,62.0,10652,0.0,5.0,8.0,8.0,9.0,15.0,26.0,18.0,29.0,8.0,31.0,0.0,0.0,0.0,5.0,1,0,0,0,1,0,0,0,0,0,0,0,0,0,0,0,0,0,0,0,1,0,0,0,0,0,0,0,0,0,0,0,0,0,0,0,0,0,0,0,0,0,0,0,0,0,0,1,0,0,0,0,0,0,0,1,0,0,1,0,0,0,0,0,0,0,0,0,0,0,0,0,0,0,0,0,0,0,0,0,0,0,0,0,0,0,0,0,0,0,0,0,0,0,0,0,0,0,0,0,0,0,0,1,0,0,0,0,0,0,0,0,0,0,0,0,0,0,0,0,0,0,0,0,0,1,0,0,1,0,0
25000.0,7.97,783.07,-1,100000.0,1521,1,1.5,1.0,715.0,719.0,4.0,1.0,1.0,49172.0,82.0,19.0,13574,0.0,1.0,3.0,3.0,6.0,6.0,2.0,3.0,14.0,2.0,4.0,,0.0,1.0,0.0,1,0,0,1,0,0,0,0,0,0,0,0,0,0,0,1,0,0,0,0,0,0,0,0,0,0,0,0,0,0,0,0,0,0,0,0,0,0,0,0,0,0,0,0,0,0,0,1,0,0,0,0,0,0,0,0,1,0,0,0,1,0,0,0,0,0,0,0,0,0,0,0,0,0,0,0,0,0,0,0,0,0,0,0,0,0,0,0,0,0,0,0,0,0,0,0,0,0,0,0,0,0,0,0,0,1,0,0,0,0,0,0,0,0,0,0,0,0,0,0,0,0,0,0,0,1,0,0,1,0,0
12000.0,14.33,412.06,1,125000.0,3196,1,17.51,0.0,700.0,704.0,7.0,0.0,0.0,31839.0,78.4,11.0,12387,0.0,3.0,4.0,4.0,3.0,5.0,2.0,6.0,8.0,4.0,7.0,0.0,0.0,0.0,2.0,1,0,0,0,0,1,0,0,0,0,0,0,0,0,0,0,0,0,0,0,0,1,0,0,0,0,0,0,0,0,0,0,0,0,0,0,0,0,0,0,0,0,0,0,0,0,0,0,1,0,0,0,0,0,1,0,0,0,1,0,0,0,0,0,0,0,0,0,0,0,0,0,0,0,0,0,0,0,0,0,0,1,0,0,0,0,0,0,0,0,0,0,0,0,0,0,0,0,0,0,0,0,0,0,0,0,0,0,0,0,0,0,0,0,0,0,0,0,0,0,0,0,0,0,0,1,0,0,1,0,0
18000.0,21.99,497.04,4,60000.0,2282,0,10.42,1.0,685.0,689.0,7.0,0.0,0.0,9398.0,63.9,23.0,6269,0.0,4.0,5.0,5.0,5.0,14.0,4.0,6.0,19.0,5.0,7.0,0.0,0.0,0.0,2.0,0,1,0,0,0,0,0,0,1,0,0,0,0,0,0,0,0,0,0,0,0,0,0,0,0,0,0,0,0,0,0,0,0,0,0,0,1,0,0,0,0,0,0,0,0,0,0,0,1,0,0,0,0,0,0,0,1,0,0,0,0,0,0,1,0,0,0,0,0,0,0,0,0,0,0,0,0,0,0,0,0,1,0,0,0,0,0,0,0,0,0,0,0,0,0,0,0,0,0,0,0,0,0,0,0,0,0,0,0,0,0,0,0,0,0,0,0,0,0,0,0,0,0,0,0,1,0,0,1,0,0
6500.0,9.17,207.22,2,22000.0,2405,0,37.42,0.0,685.0,689.0,9.0,1.0,1.0,1797.0,11.7,27.0,14244,0.0,2.0,4.0,4.0,5.0,12.0,7.0,7.0,19.0,4.0,9.0,0.0,0.0,0.0,2.0,1,0,0,0,1,0,0,0,0,0,0,0,0,0,0,0,0,1,0,0,0,0,0,0,0,0,0,0,0,0,0,0,0,0,0,0,0,0,0,0,0,0,0,0,0,0,0,0,0,1,0,0,0,0,0,1,0,0,1,0,0,0,0,0,0,0,0,0,0,0,0,0,0,0,0,0,0,0,0,0,0,0,0,0,0,0,0,0,0,0,0,0,0,0,0,0,0,0,0,0,0,0,0,0,0,0,0,0,0,0,0,0,1,0,0,0,0,0,0,0,0,0,0,0,0,1,0,0,1,0,0
16000.0,6.99,493.97,9,101000.0,2525,0,11.98,0.0,705.0,709.0,8.0,0.0,0.0,17250.0,58.1,27.0,8035,2.0,2.0,4.0,4.0,2.0,6.0,10.0,5.0,12.0,4.0,8.0,0.0,0.0,0.0,3.0,1,0,0,1,0,0,0,0,0,0,0,0,0,1,0,0,0,0,0,0,0,0,0,0,0,0,0,0,0,0,0,0,0,0,0,0,0,0,0,0,0,0,0,0,0,0,0,0,1,0,0,0,0,0,1,0,0,0,0,0,0,0,1,0,0,0,0,0,0,0,0,0,0,0,0,0,0,0,0,0,0,1,0,0,0,0,0,0,0,0,0,0,0,0,0,0,0,0,0,0,0,0,0,0,0,0,0,0,0,0,0,0,0,0,0,0,0,0,0,0,0,0,0,0,0,1,0,0,1,0,0
30000.0,10.9,980.75,10,100000.0,1370,0,6.24,1.0,670.0,674.0,15.0,0.0,0.0,1039.0,7.8,22.0,7365,1.0,3.0,4.0,4.0,6.0,6.0,4.0,13.0,18.0,4.0,15.0,0.0,0.0,0.0,3.0,1,0,0,0,1,0,0,0,0,0,0,0,0,0,0,0,0,0,0,1,0,0,0,0,0,0,0,0,0,0,0,0,0,0,0,0,0,0,0,0,0,0,0,0,0,0,0,0,1,0,0,0,0,0,0,1,0,0,1,0,0,0,0,0,0,0,0,0,0,0,0,0,0,0,0,0,0,0,0,0,0,0,0,0,0,0,0,0,0,0,0,0,0,0,0,0,0,0,0,1,0,0,0,0,0,0,0,0,0,0,0,0,0,0,0,0,0,0,0,0,0,0,0,0,0,1,0,0,1,0,0
15000.0,14.09,513.33,10,65000.0,3104,0,19.42,0.0,705.0,709.0,13.0,0.0,0.0,15105.0,55.1,38.0,7518,0.0,5.0,7.0,7.0,5.0,17.0,10.0,9.0,25.0,7.0,13.0,0.0,0.0,0.0,2.0,1,0,0,0,1,0,0,0,0,0,0,0,0,0,0,0,0,0,0,0,1,0,0,0,0,0,0,0,0,0,0,0,0,0,0,0,0,0,0,0,0,0,0,0,0,0,0,1,0,0,0,0,0,0,1,0,0,0,0,0,0,0,1,0,0,0,0,0,0,0,0,0,0,0,0,1,0,0,0,0,0,0,0,0,0,0,0,0,0,0,0,0,0,0,0,0,0,0,0,0,0,0,0,0,0,0,0,0,0,0,0,0,0,0,0,0,0,0,0,0,0,0,0,0,0,1,0,0,1,0,0
14000.0,17.57,352.25,10,60000.0,2831,0,16.98,0.0,670.0,674.0,6.0,1.0,1.0,11115.0,60.4,9.0,7273,0.0,1.0,3.0,3.0,1.0,2.0,2.0,3.0,5.0,3.0,6.0,0.0,0.0,0.0,2.0,0,1,0,0,0,0,1,0,0,0,0,0,0,0,0,0,0,0,0,0,0,0,0,0,0,0,0,1,0,0,0,0,0,0,0,0,0,0,0,0,0,0,0,0,0,0,0,1,0,0,0,0,0,0,0,1,0,0,1,0,0,0,0,0,0,0,0,0,0,0,0,0,0,0,0,0,0,0,0,0,0,0,0,0,1,0,0,0,0,0,0,0,0,0,0,0,0,0,0,0,0,0,0,0,0,0,0,0,0,0,0,0,0,0,0,0,0,0,0,0,0,0,0,0,0,0,1,0,1,0,0
1000.0,11.44,32.95,10,55000.0,1825,0,21.19,0.0,700.0,704.0,5.0,0.0,0.0,634.0,12.9,28.0,6696,3.0,2.0,2.0,2.0,2.0,5.0,23.0,2.0,5.0,2.0,5.0,0.0,0.0,0.0,4.0,1,0,0,0,1,0,0,0,0,0,0,0,0,0,0,0,0,0,0,1,0,0,0,0,0,0,0,0,0,0,0,0,0,0,0,0,0,0,0,0,0,0,0,0,0,0,0,0,1,0,0,0,0,0,0,1,0,0,1,0,0,0,0,0,0,0,0,0,0,0,0,0,0,0,0,0,0,0,0,0,0,0,0,0,0,0,0,0,0,0,0,0,0,0,0,0,0,0,0,0,0,0,0,0,0,0,0,0,0,0,0,0,0,0,0,0,1,0,0,0,0,0,0,0,0,1,0,0,1,0,0
5000.0,15.31,174.09,9,39000.0,2100,0,21.32,3.0,675.0,679.0,9.0,0.0,0.0,5834.0,75.8,15.0,6026,2.0,3.0,4.0,4.0,3.0,5.0,3.0,6.0,12.0,4.0,9.0,0.0,0.0,1.0,2.0,1,0,0,0,0,1,0,0,0,0,0,0,0,0,0,0,0,0,0,0,0,0,0,0,0,1,0,0,0,0,0,0,0,0,0,0,0,0,0,0,0,0,0,0,0,0,0,0,1,0,0,0,0,0,0,1,0,0,1,0,0,0,0,0,0,0,0,0,0,0,0,0,0,0,0,0,0,0,0,0,0,0,0,0,0,0,0,0,0,0,0,0,0,1,0,0,0,0,0,0,0,0,0,0,0,0,0,0,0,0,0,0,0,0,0,0,0,0,0,0,0,0,0,0,0,1,0,0,1,0,0
40000.0,20.0,1486.55,3,112000.0,1613,0,14.88,0.0,740.0,744.0,6.0,0.0,0.0,3413.0,45.5,17.0,5873,0.0,1.0,2.0,2.0,2.0,4.0,12.0,3.0,5.0,2.0,6.0,0.0,0.0,0.0,2.0,1,0,0,0,0,0,1,0,0,0,0,0,0,0,0,0,0,0,0,0,0,0,0,0,0,0,0,0,0,1,0,0,0,0,0,0,0,0,0,0,0,0,0,0,0,0,0,0,1,0,0,0,0,0,0,0,1,0,1,0,0,0,0,0,0,0,0,0,0,0,0,0,0,0,0,0,0,0,0,0,0,0,0,0,0,0,0,0,0,0,0,0,1,0,0,0,0,0,0,0,0,0,0,0,0,0,0,0,0,0,0,0,0,0,0,0,0,0,0,0,0,0,0,0,0,0,1,0,1,0,0
9000.0,11.44,296.53,10,55000.0,2586,0,6.5,0.0,695.0,699.0,13.0,0.0,0.0,8152.0,49.1,28.0,6877,0.0,5.0,7.0,7.0,6.0,12.0,7.0,12.0,21.0,7.0,13.0,0.0,0.0,0.0,1.0,1,0,0,0,1,0,0,0,0,0,0,0,0,0,0,0,0,0,0,1,0,0,0,0,0,0,0,0,0,0,0,0,0,0,0,0,0,0,0,0,0,0,0,0,0,0,0,1,0,0,0,0,0,0,1,0,0,0,1,0,0,0,0,0,0,0,0,0,0,0,0,0,0,0,0,0,0,0,0,0,0,1,0,0,0,0,0,0,0,0,0,0,0,0,0,0,0,0,0,0,0,0,0,0,0,0,0,0,0,0,0,0,0,0,0,0,0,0,0,0,0,0,0,0,0,0,1,0,1,0,0
35000.0,16.29,856.54,5,120000.0,3165,0,16.86,0.0,720.0,724.0,14.0,0.0,0.0,26853.0,53.5,37.0,18749,0.0,3.0,4.0,4.0,6.0,18.0,7.0,10.0,25.0,4.0,14.0,0.0,0.0,0.0,2.0,0,1,0,0,0,1,0,0,0,0,0,0,0,0,0,0,0,0,0,0,0,0,0,0,1,0,0,0,0,0,0,0,0,0,0,0,0,0,0,0,0,0,0,0,0,0,0,1,0,0,0,0,0,0,0,0,1,0,1,0,0,0,0,0,0,0,0,0,0,0,0,0,0,0,0,0,0,0,0,0,0,0,0,0,0,0,1,0,0,0,0,0,0,0,0,0,0,0,0,0,0,0,0,0,0,0,0,0,0,0,0,0,0,0,0,0,0,0,0,0,0,0,0,0,0,0,1,0,1,0,0
15000.0,5.32,451.73,2,66000.0,2100,0,18.04,0.0,690.0,694.0,26.0,0.0,0.0,4142.0,26.1,70.0,6818,0.0,2.0,3.0,3.0,3.0,9.0,49.0,7.0,19.0,3.0,26.0,0.0,0.0,0.0,2.0,1,0,0,1,0,0,0,0,0,0,0,1,0,0,0,0,0,0,0,0,0,0,0,0,0,0,0,0,0,0,0,0,0,0,0,0,0,0,0,0,0,0,0,0,0,0,0,1,0,0,0,0,0,0,0,1,0,0,0,0,0,0,1,0,0,0,0,0,0,0,0,0,0,0,0,0,0,0,0,0,0,0,0,0,0,0,0,0,0,0,0,0,0,0,0,0,0,0,0,0,0,0,0,0,0,0,0,0,0,0,0,0,0,0,0,0,1,0,0,0,0,0,0,0,0,0,1,0,1,0,0
7000.0,11.99,232.47,10,55000.0,1460,0,3.37,0.0,690.0,694.0,9.0,0.0,0.0,3879.0,49.1,12.0,5539,0.0,4.0,5.0,5.0,5.0,7.0,0.0,9.0,12.0,6.0,9.0,0.0,0.0,0.0,7.0,1,0,0,0,1,0,0,0,0,0,0,0,0,0,0,0,0,0,0,0,1,0,0,0,0,0,0,0,0,0,0,0,0,0,0,0,0,0,0,0,0,0,0,0,0,0,0,0,1,0,0,0,0,0,0,0,1,0,0,0,1,0,0,0,0,0,0,0,0,0,0,0,0,0,0,0,0,0,0,0,0,0,0,0,0,0,1,0,0,0,0,0,0,0,0,0,0,0,0,0,0,0,0,0,0,0,0,0,0,0,0,0,0,0,0,0,0,0,0,0,0,0,0,0,0,0,1,0,1,0,0
20000.0,16.24,705.52,2,70000.0,2859,0,16.9,0.0,680.0,684.0,10.0,0.0,0.0,23779.0,91.8,15.0,6391,0.0,6.0,7.0,7.0,6.0,9.0,2.0,8.0,11.0,7.0,10.0,0.0,0.0,0.0,0.0,1,0,0,0,0,1,0,0,0,0,0,0,0,0,0,0,0,0,0,0,0,0,0,0,0,1,0,0,0,0,0,0,0,0,0,0,0,0,0,0,0,0,0,0,0,0,0,1,0,0,0,0,0,0,0,0,1,0,0,0,0,0,1,0,0,0,0,0,0,0,0,0,0,0,0,0,0,0,0,0,0,0,1,0,0,0,0,0,0,0,0,0,0,0,0,0,0,0,0,0,0,0,0,0,0,0,0,0,0,0,0,0,0,0,0,0,0,0,0,0,0,0,0,0,0,0,1,0,1,0,0
5375.0,17.77,193.7,10,23000.0,3224,0,7.67,0.0,680.0,684.0,6.0,0.0,0.0,3750.0,48.7,7.0,5174,0.0,2.0,3.0,3.0,3.0,3.0,2.0,4.0,5.0,3.0,6.0,0.0,0.0,0.0,3.0,1,0,0,0,0,0,1,0,0,0,0,0,0,0,0,0,0,0,0,0,0,0,0,0,0,0,1,0,0,0,0,0,0,0,0,0,0,0,0,0,0,0,0,0,0,0,0,0,1,0,0,0,0,0,1,0,0,0,1,0,0,0,0,0,0,0,0,0,0,0,0,0,0,0,0,0,0,0,0,0,0,1,0,0,0,0,0,0,0,0,0,0,0,0,0,0,0,0,0,0,0,0,0,0,0,0,0,0,0,0,0,0,0,0,0,0,0,0,0,0,0,0,0,0,0,1,0,0,1,0,0
15000.0,18.25,382.95,10,50004.0,3652,1,21.41,1.0,685.0,689.0,10.0,0.0,0.0,14020.0,47.7,29.0,11748,,,,,,,,,,,,,,,,0,1,0,0,0,0,1,0,0,0,0,0,0,0,0,0,0,0,0,0,0,0,0,0,0,0,0,0,0,0,1,0,0,0,0,0,0,0,0,0,0,0,0,0,0,0,0,1,0,0,0,0,0,0,0,1,0,0,1,0,0,0,0,0,0,0,0,0,0,0,0,0,0,0,0,0,0,0,0,0,0,0,0,0,0,0,0,1,0,0,0,0,0,0,0,0,0,0,0,0,0,0,0,0,0,0,0,0,0,0,0,0,0,0,0,0,0,0,0,0,0,0,0,0,0,0,1,0,1,0,0
20000.0,13.99,683.46,10,82000.0,3561,1,15.36,0.0,700.0,704.0,8.0,0.0,0.0,15988.0,71.1,32.0,8310,,,,,,,,,,,,,,,,1,0,0,0,0,1,0,0,0,0,0,0,0,0,0,0,0,0,0,0,0,1,0,0,0,0,0,0,0,0,0,0,0,0,0,0,0,0,0,0,0,0,0,0,0,0,0,1,0,0,0,0,0,0,1,0,0,0,1,0,0,0,0,0,0,0,0,0,0,0,0,0,0,0,0,0,0,0,0,0,0,0,0,0,0,0,0,1,0,0,0,0,0,0,0,0,0,0,0,0,0,0,0,0,0,0,0,0,0,0,0,0,0,0,0,0,0,0,0,0,0,0,0,0,0,0,1,0,1,0,0
15000.0,11.22,492.65,1,40000.0,2191,1,28.31,0.0,680.0,684.0,13.0,0.0,0.0,21166.0,57.4,22.0,6818,0.0,4.0,6.0,6.0,6.0,9.0,5.0,11.0,15.0,7.0,13.0,0.0,0.0,0.0,4.0,1,0,0,0,1,0,0,0,0,0,0,0,0,0,0,0,0,0,0,0,1,0,0,0,0,0,0,0,0,0,0,0,0,0,0,0,0,0,0,0,0,0,0,0,0,0,0,1,0,0,0,0,0,0,0,0,1,0,1,0,0,0,0,0,0,0,0,0,0,0,0,0,0,0,0,0,0,0,0,0,0,0,0,0,0,0,0,0,0,0,0,0,0,0,0,0,0,0,0,0,0,0,0,0,0,0,0,0,0,0,0,0,0,0,0,0,0,0,0,0,0,1,0,0,0,1,0,0,1,0,0
28000.0,13.65,646.45,0,74300.0,2800,0,23.5,0.0,725.0,729.0,20.0,0.0,0.0,40687.0,66.5,53.0,10379,0.0,4.0,4.0,4.0,5.0,13.0,25.0,7.0,24.0,4.0,20.0,0.0,0.0,0.0,0.0,0,1,0,0,0,1,0,0,0,0,0,0,0,0,0,0,0,0,0,0,0,1,0,0,0,0,0,0,0,0,0,0,0,0,0,0,0,0,0,0,0,0,0,0,0,0,0,1,0,0,0,0,0,0,0,1,0,0,0,0,0,0,1,0,0,0,0,0,0,0,0,0,0,0,0,0,0,0,0,0,0,0,0,0,0,0,1,0,0,0,0,0,0,0,0,0,0,0,0,0,0,0,0,0,0,0,0,0,0,0,0,0,0,0,0,0,0,0,0,0,0,0,0,0,0,1,0,0,1,0,0
12125.0,15.61,423.95,8,31000.0,2678,0,16.38,0.0,665.0,669.0,12.0,0.0,0.0,10149.0,51.8,45.0,6818,0.0,3.0,8.0,8.0,3.0,6.0,24.0,10.0,18.0,8.0,12.0,0.0,0.0,0.0,4.0,1,0,0,0,0,0,1,0,0,0,0,0,0,0,0,0,0,0,0,0,0,0,0,0,0,0,1,0,0,0,0,0,0,0,0,0,0,0,0,0,0,0,0,0,0,0,0,1,0,0,0,0,0,0,0,1,0,0,1,0,0,0,0,0,0,0,0,0,0,0,0,0,0,0,0,0,0,0,0,0,0,0,0,0,0,0,0,0,0,1,0,0,0,0,0,0,0,0,0,0,0,0,0,0,0,0,0,0,0,0,0,0,0,0,0,0,0,0,0,0,0,0,0,0,0,0,1,0,1,0,0
25000.0,6.49,766.12,10,150000.0,2525,0,13.19,0.0,775.0,779.0,13.0,0.0,0.0,17747.0,44.4,20.0,8522,0.0,3.0,5.0,5.0,4.0,6.0,7.0,9.0,11.0,5.0,13.0,0.0,0.0,0.0,2.0,1,0,0,1,0,0,0,0,0,0,0,0,1,0,0,0,0,0,0,0,0,0,0,0,0,0,0,0,0,0,0,0,0,0,0,0,0,0,0,0,0,0,0,0,0,0,0,1,0,0,0,0,0,0,0,1,0,0,0,0,0,0,1,0,0,0,0,0,0,0,0,0,0,0,0,0,0,0,0,0,0,0,0,0,0,0,0,0,0,0,0,0,0,0,0,0,0,0,0,0,0,0,0,1,0,0,0,0,0,0,0,0,0,0,0,0,0,0,0,0,0,0,0,0,0,0,1,0,1,0,0
10000.0,12.99,336.9,0,47000.0,3012,0,7.99,0.0,680.0,684.0,10.0,0.0,0.0,8050.0,36.1,13.0,5143,0.0,5.0,9.0,9.0,5.0,5.0,1.0,10.0,11.0,9.0,10.0,0.0,0.0,0.0,2.0,1,0,0,0,1,0,0,0,0,0,0,0,0,0,0,0,0,0,0,1,0,0,0,0,0,0,0,0,0,0,0,0,0,0,0,0,0,0,0,0,0,0,0,0,0,0,0,0,1,0,0,0,0,0,1,0,0,0,0,0,0,0,1,0,0,0,0,0,0,0,0,0,0,0,0,0,0,0,0,0,0,0,0,0,0,0,0,1,0,0,0,0,0,0,0,0,0,0,0,0,0,0,0,0,0,0,0,0,0,0,0,0,0,0,0,0,0,0,0,0,0,0,0,0,0,0,1,0,1,0,0
10000.0,13.99,341.73,4,35000.0,1825,0,23.08,0.0,680.0,684.0,8.0,0.0,0.0,5758.0,44.6,13.0,4017,0.0,3.0,4.0,4.0,5.0,6.0,4.0,6.0,9.0,4.0,8.0,0.0,0.0,0.0,5.0,1,0,0,0,0,1,0,0,0,0,0,0,0,0,0,0,0,0,0,0,0,0,0,1,0,0,0,0,0,0,0,0,0,0,0,0,0,0,0,0,0,0,0,0,0,0,0,0,1,0,0,0,0,0,0,1,0,0,1,0,0,0,0,0,0,0,0,0,0,0,0,0,0,1,0,0,0,0,0,0,0,0,0,0,0,0,0,0,0,0,0,0,0,0,0,0,0,0,0,0,0,0,0,0,0,0,0,0,0,0,0,0,0,0,0,0,0,0,0,0,0,0,0,0,0,0,1,0,1,0,0
4200.0,6.19,128.14,2,118000.0,1309,0,6.97,0.0,770.0,774.0,7.0,0.0,0.0,5602.0,10.0,14.0,5296,0.0,3.0,3.0,3.0,5.0,7.0,6.0,5.0,8.0,3.0,7.0,0.0,0.0,0.0,2.0,1,0,0,1,0,0,0,0,0,0,0,0,1,0,0,0,0,0,0,0,0,0,0,0,0,0,0,0,0,0,0,0,0,0,0,0,0,0,0,0,0,0,0,0,0,0,0,0,1,0,0,0,0,0,1,0,0,0,0,0,0,0,0,0,0,0,1,0,0,0,0,0,0,0,0,0,0,0,0,0,0,0,0,0,0,0,0,0,0,0,0,0,1,0,0,0,0,0,0,0,0,0,0,0,0,0,0,0,0,0,0,0,0,0,0,0,0,0,0,0,0,0,0,0,0,1,0,0,1,0,0
