Unnamed: 0,cycle,capacity,SoH,resistance,CCCT,CVCT,CS_Name,result
0,0.5374996700766137,0.1250374135578649,0.6236088788806211,-0.44404187675057755,0.07665965877167329,0.08345260757423258,CS2_35,0.6236089
1,0.5410941009229704,0.0776207674744302,0.6144398882667966,-0.2840666003265066,0.01328540499705572,0.1538803710005415,CS2_35,0.6144399
2,0.5446885317693272,-0.041510569305669404,0.6143322490335292,-0.05474560913916831,-0.004367044957433352,-1.8323241436773716,CS2_35,0.61433226
3,0.548282962615684,-0.11909612561926458,0.614295444081296,0.06638200920387093,-2.9820276384998383,-2.6328520007961864,CS2_35,0.6142954
4,0.5518773934620407,-0.04598774939182745,0.6143632344223715,-0.2593702984487657,0.16199735796282494,-0.5053546803908603,CS2_35,0.61436325
5,0.5554718243083975,-0.045764338098127515,0.6143895089111179,-0.20183261862781257,0.06109101808530785,-0.038771159998357285,CS2_35,0.6143895
6,0.5590662551547543,-0.07738162568342462,0.6143912479337321,-0.15058977406613352,-0.08209169706276571,0.36077679952533503,CS2_35,0.61439127
7,0.562660686001111,-0.16454994572745998,0.6051174072423519,0.07935272045970825,-0.1003940751794837,0.17150483514103695,CS2_35,0.6051174
8,0.5662551168474678,-0.8212492595286963,0.5501021976504806,0.30259661395194765,-0.04068977968735489,0.007457711015777704,CS2_35,0.5501022
9,0.5698495476938246,-0.24255517866038206,0.5959261866466554,0.25180932710947407,-0.03746579738658087,-0.011960668025477437,CS2_35,0.59592617
10,0.5734439785401813,-0.24427646494952415,0.5959297793853047,0.2451630465099794,-0.11338851021422307,0.4520647864764163,CS2_35,0.5959298
11,0.577038409386538,-0.28363339897296863,0.5959282709801145,0.2584688199398023,-0.23183556585798792,-5.160476680298018,CS2_35,0.59592825
12,0.5806328402328949,-0.28370008890898823,0.5959155425399887,0.46122529980926036,-0.22606691469174608,1.097693404628926,CS2_35,0.59591556
13,0.5842272710792515,-0.2422199225612165,0.5959880864846937,0.1877289505787767,-0.3021133654229058,0.9645943366423513,CS2_35,0.5959881
14,0.5878217019256083,-0.20702348523498132,0.6051698071885327,0.07286181569484015,-0.3211300382541939,0.919333001792128,CS2_35,0.60516983
15,0.5914161327719651,-0.2436681298085926,0.5776391060527147,0.021866832583631344,-0.3503626649962136,1.041220486649972,CS2_35,0.5776391
16,0.5950105636183218,-0.32472319805648364,0.5867622694149496,0.36003018139391596,-0.30699849224042003,0.6656288330559865,CS2_35,0.58676225
17,0.5986049944646786,-0.32479170543899477,0.5867379513297284,0.36003018139391596,-0.24526924905848377,0.5194711841063321,CS2_35,0.58673793
18,0.6021994253110354,-0.36599700057320156,0.5775538963938257,0.3667805743723945,-0.22580980186104077,0.4512135863571407,CS2_35,0.57755387
19,0.6057938561573921,-0.36597663108911255,0.5775551331658955,0.41746427732511077,-0.32492272078517775,0.9156595903833024,CS2_35,0.5775551
20,0.6093882870037489,-0.40709081204944236,0.5683891649585855,0.37354417958170755,-0.39387494963651626,1.0665180583068958,CS2_35,0.5683892
21,0.6129827178501057,-0.3291443247098782,0.5867973298780853,0.36003018139391596,-0.40448202249180815,1.0724585628583996,CS2_35,0.58679736
22,0.6165771486964624,-0.32449933303325146,0.5776355225692955,0.23852786418438357,-0.4284661079506287,1.1255132701234076,CS2_35,0.5776355
23,0.6201715795428192,-0.32442133785947885,0.5868006840754079,0.1877289505787767,-0.44306727084884107,1.1390241599944906,CS2_35,0.5868007
24,0.623766010389176,-0.4069575476695707,0.5684133433626442,0.309295214985551,-0.4986623548062453,1.4014232057780953,CS2_35,0.5684133
25,0.6273604412355327,-0.44821481275259173,0.559219723138455,0.41746427732511077,-0.38317518369587156,0.8303172687813388,CS2_35,0.5592197
26,0.6309548720818895,-0.44815652284159213,0.5592230161422983,0.42426646224847236,-0.34762006340021606,0.7139893774490418,CS2_35,0.559223
27,0.6345493029282463,-0.4482939500640072,0.5592046554655137,0.41746427732511077,-0.32844090143802124,0.6238461071157423,CS2_35,0.55920464
28,0.638143733774603,-0.44823090510049723,0.5592169152527846,0.309295214985551,-0.48767326614738526,1.2519369577920372,CS2_35,0.5592169
29,0.6417381646209598,-0.4481708425260261,0.550055278618851,0.5323314122090483,-0.5224653809238997,1.272027906198675,CS2_35,0.55005527
30,0.6453325954673166,-0.4893822068780879,0.55003564912947,0.42426646224847236,-0.5215321726404507,1.2779368890340042,CS2_35,0.55003566
31,0.6489270263136733,-0.48940388257317113,0.550035299692487,0.5323314122090483,-0.5336143977754382,1.2480080353394196,CS2_35,0.5500353
32,0.6525214571600301,-0.4894413941006899,0.5500248765430648,0.43108185940266064,-0.5544475549358342,1.3442147195245464,CS2_35,0.55002487
33,0.6561158880063869,-0.5304267576891832,0.5500429191179499,0.42426646224847236,-0.5689083985240178,1.4140058878908506,CS2_35,0.5500429
34,0.6597103188527436,-0.5305063050521447,0.5408604776586595,0.4817523501245424,-0.5947490004108744,1.4467463125391773,CS2_35,0.5408605
35,0.6633047496991004,-0.48926691230664837,0.5500537682340475,0.4680549661727568,-0.6051052371406815,1.4577657304536287,CS2_35,0.5500538
36,0.6668991805454572,-0.44803372451355933,0.559239794121925,0.2651394110440373,-0.5998868281652888,1.474215374605847,CS2_35,0.5592398
37,0.6704936113918138,-0.44799251595059775,0.5592533921159554,0.13683807984655272,-0.6198367448052648,1.4747265281413053,CS2_35,0.5592534
38,0.6740880422381706,-0.45003400201525445,0.5501037520998596,0.29590963968147665,-0.6074632748432013,1.3804364486004959,CS2_35,0.5501037
39,0.6776824730845274,-0.44789162101672403,0.550108282143435,0.1499599390231473,-0.5613315683991097,1.2279504347554708,CS2_35,0.55010825
40,0.6812769039308841,-0.4502719650044561,0.5500992986921945,0.36003018139391596,-0.5048524585193652,1.013593955514262,CS2_35,0.5500993
41,0.6848713347772409,-0.4478643448952607,0.5592775611032625,0.309295214985551,-0.49671407466588724,1.0063428775953014,CS2_35,0.55927753
42,0.6884657656235977,-0.44790475508020217,0.5501008403789487,0.2451630465099794,-0.516834607624289,0.9914264074323932,CS2_35,0.55010086
43,0.6920601964699544,-0.44839815876092853,0.5592685620751259,0.25180932710947407,-0.5023337973730838,0.9522027775894892,CS2_35,0.55926853
44,0.6956546273163112,-0.44779665028863835,0.5501189300190348,0.20093114011884924,-0.510341591672725,0.933804734815533,CS2_35,0.5501189
45,0.699249058162668,-0.4478977525433264,0.55010321758388,0.2451630465099794,-0.4890067284423927,0.900010875969454,CS2_35,0.55010325
46,0.7028434890090247,-0.4482589298126191,0.5501189045416863,0.23852786418438357,-0.4825842311325217,0.8713282314512902,CS2_35,0.5501189
47,0.7064379198553815,-0.449260681368332,0.5501008280159931,0.1877289505787767,-0.49228802398444726,0.8606597093713073,CS2_35,0.5501008
48,0.7100323507017383,-0.45054024770101553,0.5592821214035526,0.14339346029789712,-0.47270952797051247,0.806742989891613,CS2_35,0.5592821
49,0.713626781548095,-0.48896176778916045,0.5501082908012737,0.1499599390231473,-0.48440045429414774,0.8112786007267659,CS2_35,0.5501083
50,0.7172212123944518,-0.3245376964888375,0.5592807243029493,-0.03561852680321214,-0.4870699467503893,0.815845887739992,CS2_35,0.55928075
51,0.7208156432408086,-0.36602221015859204,0.5592960222401931,-0.029219579164954282,-0.4932817605748796,0.8205408050938606,CS2_35,0.559296
52,0.7244100740871653,-0.9820856194512578,0.5226025132741364,0.40389531625704245,-0.5005171598461157,0.8207959966383473,CS2_35,0.5226025
53,0.7280045049335221,-0.44775613489279387,0.559289614784225,0.20093114011884924,-0.49709443860003827,0.7543925147163861,CS2_35,0.55928963
54,0.7315989357798789,-0.4478506143128667,0.5501113745415954,0.1943239677226296,-0.3276900122195081,0.534958063692996,CS2_35,0.55011135
55,0.7351933666262356,-0.44873386399581155,0.5500897205862253,0.1499599390231473,-0.38444863309722027,-5.160476680298018,CS2_35,0.5500897
56,0.7387877974725924,-0.45043480574879885,0.5409540749661517,0.3465653327048246,-0.3638575202715387,0.9601255695618177,CS2_35,0.54095405
57,0.7423822283189492,-0.4889480394112302,0.5501128874475835,0.1943239677226296,-0.45613139626776655,0.7426041178393809,CS2_35,0.5501129
58,0.7459766591653059,-0.48887641975883694,0.5409545327656794,0.1943239677226296,-0.49162621330948,0.7670705833926452,CS2_35,0.54095453
59,0.7495710900116627,-0.4888653160972581,0.540957632957733,0.29590963968147665,-0.4993430348146714,0.7593090177740413,CS2_35,0.5409576
60,0.7531655208580195,-0.5299516083761326,0.5317839671510105,0.123763784700964,-0.4928594226115298,-5.160476680298018,CS2_35,0.53178394
61,0.7567599517043762,-0.5299419736499986,0.540951528596338,0.23852786418438357,-0.4256434319546665,1.0219673733969947,CS2_35,0.54095155
62,0.760354382550733,-0.5303078164928635,0.5317353066496054,0.23852786418438357,-0.4938821504244664,0.7155542331707081,CS2_35,0.5317353
63,0.7639488133970898,-0.5313176035871789,0.5317220908912663,0.2451630465099794,-0.49932031847212144,0.6502021884112636,CS2_35,0.53172207
64,0.7675432442434464,-0.5713602356952893,0.5317325948341489,0.2451630465099794,-0.5342535666254441,0.7080154082803953,CS2_35,0.5317326
65,0.7711376750898032,-0.5713974069752388,0.5225558320836244,0.1943239677226296,-0.5653225607913182,0.7539143090759218,CS2_35,0.5225558
66,0.77473210593616,-0.5318695898724171,0.5409001805013084,0.23852786418438357,-0.5723974212256513,0.7581627371869266,CS2_35,0.5409002
67,0.7783265367825167,-0.5299277288046448,0.5409530957343245,0.07286181569484015,-0.5809775126554828,-5.160476680298018,CS2_35,0.5409531
68,0.7819209676288735,-0.5712044024210542,0.5317569852254524,0.309295214985551,-0.5350166784111314,1.1146279143765936,CS2_35,0.531757
69,0.7855153984752303,-0.6123021739978438,0.5317560874224033,0.41067319067566277,-0.5871590970580666,0.7820553432859988,CS2_35,0.5317561
70,0.789109829321587,-0.6123977623760508,0.5225791008539332,0.36003018139391596,-0.499416850820881,0.12612303673957556,CS2_35,0.5225791
71,0.7927042601679438,-0.6124238470692109,0.522576301414255,0.5185558118507116,-0.5639880890264054,0.7843182030301582,CS2_35,0.5225763
72,0.7962986910143006,-0.6534196410337348,0.5225823035604977,0.47489784476708,-0.6107138576915844,0.8190681766005481,CS2_35,0.5225823
73,0.7998931218606573,-0.653460182141376,0.5225808490824253,0.47489784476708,-0.6442619666328645,0.9306391572730823,CS2_35,0.52258086
74,0.8034875527070141,-0.6535546302285624,0.5133935641811325,0.37354417958170755,-0.6773780874393558,1.0099808647116992,CS2_35,0.5133936
75,0.8070819835533709,-0.6535366716817589,0.5133933638443952,0.46122529980926036,-0.6910356724287205,1.027963634569728,CS2_35,0.51339334
76,0.8106764143997276,-0.6533922365309521,0.5225914229442316,0.41746427732511077,-0.7036600116398475,0.7340189391348533,CS2_35,0.5225914
77,0.8142708452460844,-0.6535216553380897,0.522564089305656,0.41067319067566277,-0.6633689014142677,1.455147033556539,CS2_35,0.5225641
78,0.8178652760924412,-0.6946531756133494,0.5133933053399935,0.5323314122090483,-0.7008496961719108,1.0433928992021748,CS2_35,0.5133933
79,0.8214597069387979,-0.6947069952557858,0.5042165702396247,0.41746427732511077,-0.7045729722468418,1.0189250574341688,CS2_35,0.50421655
80,0.8250541377851547,-0.7358911728270728,0.5042047225704093,0.6332157789551474,-0.6954207703367082,0.969192659021648,CS2_35,0.50420475
81,0.8286485686315115,-0.7357967085788532,0.4950551021498032,0.5897649796510166,-0.7195354743715906,1.051951985454803,CS2_35,0.4950551
82,0.8322429994778682,-0.7358572960441422,0.4950370374809841,0.5828190456561764,-0.7404286379676853,1.078686668301203,CS2_35,0.49503705
83,0.835837430324225,-0.7358711634022417,0.4950415163779293,0.48861953922361373,-0.7574784725885014,1.0939542147986463,CS2_35,0.49504152
84,0.8394318611705818,-0.7358920331314799,0.4950368626944536,0.5323314122090483,-0.8049650495019249,1.2442373368474196,CS2_35,0.49503687
85,0.8430262920169385,-0.7357560054655631,0.4950536494612545,0.5897649796510166,-0.8335550377634289,1.2953754234008799,CS2_35,0.49505365
86,0.8466207228632953,-0.7769814519557041,0.4950385556415221,0.5392377095113868,-0.8248244848753904,1.2410762362733558,CS2_35,0.49503857
87,0.8502151537096521,-0.7769751788948341,0.4858647752317538,0.6332157789551474,-0.8175790939787637,-5.160476680298018,CS2_35,0.4858648
88,0.8538095845560087,-0.7769411106896144,0.4858708172256446,0.5967235973874637,-0.7710677269482529,1.6352955232204403,CS2_35,0.4858708
89,0.8574040154023655,-0.7769074722093448,0.4950491089983676,0.5323314122090483,-0.8249950979970366,1.265127901324873,CS2_35,0.49504912
90,0.8609984462487222,-0.7769749795160772,0.4858707940924988,0.5897649796510166,-0.845035414213156,1.3001665878659834,CS2_35,0.4858708
91,0.864592877095079,-0.8179841214827615,0.4858828914936053,0.6542089567743082,-0.8647831770057354,1.320704680950562,CS2_35,0.48588288
92,0.8681873079414358,-0.8180953217217564,0.4858569068816684,0.5461572190445658,-0.8689292516324875,1.3301917773182894,CS2_35,0.48585692
93,0.8717817387877925,-0.8180585323269309,0.4950310128841672,0.5897649796510166,-0.880931059609571,1.3590023985639683,CS2_35,0.495031
94,0.8753761696341493,-0.8180507690443956,0.4858723606151962,0.6471990755822182,-0.8879860832687866,1.3613340371762888,CS2_35,0.48587236
95,0.8789706004805061,-0.8181154597997125,0.4858648449586136,0.5897649796510166,-0.8940470060841526,1.3810421598861637,CS2_35,0.48586485
96,0.8825650313268628,-0.6540127250240421,0.4950429662354304,0.25180932710947407,-0.8992552664084389,1.3783910309248228,CS2_35,0.49504298
97,0.8861594621732196,-0.7358253931212475,0.485880013550203,0.4680549661727568,-0.8848749016539107,1.316935959573985,CS2_35,0.48588002
98,0.8897538930195764,-0.7769271652958541,0.4858739226327981,0.47489784476708,-0.8852561899069011,1.3082485455027715,CS2_35,0.4858739
99,0.8933483238659331,-0.7770082331040185,0.4766926208961223,0.5392377095113868,-0.8687778734434278,1.3192375898089124,CS2_35,0.47669262
100,0.8969427547122899,-0.818051157803478,0.4767062301180081,0.5461572190445658,-0.7082358656342805,1.098970632817274,CS2_35,0.47670624
101,0.9005371855586467,-0.8181239549959883,0.4675187647548153,0.5897649796510166,-0.7936949927671383,1.1981789513388637,CS2_35,0.46751878
102,0.9041316164050034,-0.8180852868640648,0.4767007901325617,0.6542089567743082,-0.8412818738897516,1.2773620673310502,CS2_35,0.47670078
103,0.9077260472513602,-0.8179894155823355,0.4767100635477067,0.6402008211532695,-0.8715880730865839,1.304351922887933,CS2_35,0.47671005
104,0.911320478097717,-0.8179769673346297,0.4675492333789362,0.603694898865519,-0.8953414169661249,1.342138381422799,CS2_35,0.46754923
105,0.9149149089440737,-0.8179978674639818,-100.0,0.43108185940266064,-0.9100226242087142,1.3595783292622,CS2_35,0.5102036
106,0.9185093397904305,-0.8590550618498315,-100.0,0.5461572190445658,-0.9260187134982665,1.368590615147922,CS2_35,0.49919596
107,0.9221037706367873,-0.9002321225670954,-100.0,0.6332157789551474,-0.9201781341650688,1.3032349094964462,CS2_35,0.48950064
108,0.925698201483144,-0.9002998708872747,-100.0,0.6542089567743082,-0.8894299302871921,1.0491118798285493,CS2_35,0.46682516
109,0.9292926323295008,-0.9413712929142269,-100.0,0.603694898865519,-0.9153107868794735,1.263020828615229,CS2_35,0.48913044
110,0.9328870631758576,-0.9414416358093862,-100.0,0.7046326430241875,-0.9462895246549518,1.2679395143522416,CS2_35,0.47620305
111,0.9364814940222143,-0.9824473439799729,-100.0,0.7691802040372286,-0.9826368967042747,1.3771814988823372,CS2_35,0.4642963
112,0.9400759248685711,-0.9825754209005557,-100.0,0.8195003063973575,-1.0216035366351943,1.5015888493511946,CS2_35,0.451713
113,0.9436703557149279,-0.9824875025101971,-100.0,0.7116948446503851,-1.0488675616994836,1.5442622966944695,CS2_35,0.47022435
114,0.9472647865612845,-0.9824200815746121,-100.0,0.7549643721474556,-1.069601771781573,1.5715401864035408,CS2_35,0.45905393
115,0.9508592174076413,-0.9825155960439695,-100.0,0.7046326430241875,-1.081613965760698,1.5842241313797512,CS2_35,0.46782634
116,0.9544536482539981,-0.9414710623789612,-100.0,0.6905462909965987,-1.0915085357308891,1.6088153548420028,CS2_35,0.4717992
117,0.9580480791003548,-0.9827183286636596,-100.0,0.6682678273617612,-1.0740873340342956,1.5030902684552288,CS2_35,0.47279245
118,0.9616425099467116,-1.0238479149743298,-100.0,0.8266660919133065,-1.0651460029322768,1.472107128744956,CS2_35,0.44069418
119,0.9652369407930684,-1.0238076313486337,-100.0,0.8697284516308762,-1.064202698150667,1.450323438246624,CS2_35,0.43252048
120,0.9688313716394251,-1.0238683860298297,-100.0,0.7763079383283703,-1.0507754657853365,1.40212396311157,CS2_35,0.4505924
121,0.9724258024857819,-1.0649599264329617,-100.0,0.8841514513001499,-1.1144488297116801,1.5775772259745344,CS2_35,0.4245068
122,0.9760202333321387,-1.0648960200053823,-100.0,0.8266660919133065,-1.1374393327758212,1.6112108484847678,CS2_35,0.43280718
123,0.9796146641784954,-1.0648777420996003,-100.0,0.8697284516308762,-1.1493309339227649,1.6229654144473147,CS2_35,0.42357385
124,0.9832090950248522,-1.0236990788518419,-100.0,0.7258578276168229,-1.158533147246682,1.637562472076198,CS2_35,0.4522773
125,0.986803525871209,-1.0649137000563447,-100.0,0.8697284516308762,-1.1696622196721076,1.66266854429305,CS2_35,0.42342728
126,0.9903979567175657,-1.064796683858854,-100.0,0.8697284516308762,-1.1768874523122328,1.6858260365892408,CS2_35,0.4240477
127,0.9939923875639225,-1.1059681698472574,-100.0,0.8769338738393258,-1.1491905356137118,1.5429207859118537,CS2_35,0.41738167
128,0.9975868184102793,-1.1059910793340995,-100.0,0.8841514513001499,-1.1436810946147937,1.5211693417109093,CS2_35,0.41645774
129,1.001181249256636,-1.1471194276918004,-100.0,0.934367441281295,-1.1581819172506955,1.5329826617795432,CS2_35,0.40291175
130,1.0047756801029928,-1.147105788931349,-100.0,0.8338456181493225,-1.1805100222327647,1.6103483525122355,CS2_35,0.4225484
131,1.0083701109493495,-1.1471882108811573,-100.0,0.9489209777912286,-1.2207711278610096,1.6823444011546165,CS2_35,0.39912352
132,1.0119645417957064,-1.1470858345190125,-100.0,0.9844920026250623,-1.2342583860456044,1.7149601859485708,CS2_35,0.39287785
133,1.015558972642063,-1.1882233140439165,-100.0,0.9489209777912286,-1.254238066690077,1.729489110922315,CS2_35,0.3962028
134,1.0191534034884198,-1.1882506261205374,-100.0,0.9416373391762278,-1.2666617937677749,1.7563516008686488,CS2_35,0.3978733
0,0.6417381646209598,-0.4061333496687308,0.5685550740209641,-0.1467867655424379,-0.4050934432109414,0.7640107932268,CS2_36,0.56855506
1,0.6453325954673166,-0.406175962768434,0.5685428832641138,0.006330834588768169,-0.40815495056271,0.7178558997545165,CS2_36,0.5685429
2,0.6489270263136733,-0.40618779542293,0.5685412091986763,-0.08926969680158922,-0.40029675051560126,0.7385868048732278,CS2_36,0.5685412
3,0.6525214571600301,-0.32406860548409505,0.5777384277488383,-0.26182090302413336,-0.4077431301629465,0.7531195358516742,CS2_36,0.5777384
4,0.6561158880063869,-0.3650210531162729,0.5593819933591406,-0.3131509483093347,-0.318667007886667,0.7340189391348533,CS2_36,0.559382
5,0.6597103188527436,-0.4061299336308846,0.5685533723422812,-0.25558155913437736,-0.2708192184142089,-5.160476680298018,CS2_36,0.5685534
6,0.6633047496991004,-0.36495973428768164,0.5685601074340813,-0.26182090302413336,-0.26411536731232355,0.6424217249530846,CS2_36,0.5685601
7,0.6668991805454572,-0.3650466589850581,0.5593747356825893,-0.26182090302413336,-0.36675706053638685,0.5874459827249228,CS2_36,0.55937475
8,0.6704936113918138,-0.3650940553187404,0.568543602203501,-0.21058440033325831,-0.38184039010072146,0.6082392477698076,CS2_36,0.5685436
9,0.6740880422381706,-0.3650535447103942,0.5593712186997918,-0.21058440033325831,-0.3663255457282643,0.5318373406591103,CS2_36,0.55937123
10,0.6776824730845274,-0.32383902451511914,0.5777326950063294,-0.25558155913437736,-0.350419449609735,0.4697115750085884,CS2_36,0.5777327
11,0.6812769039308841,-0.3238586232604271,0.5777328403977448,-0.31933797176498896,-0.346585848093563,0.4506745591324922,CS2_36,0.57773286
12,0.6848713347772409,-0.28604519891833746,0.5777297352497683,-0.31933797176498896,-0.3497167460716849,0.47146529870682535,CS2_36,0.57772976
13,0.6884657656235977,-0.2854686939507776,0.5777452008383112,-0.31933797176498896,-0.28581033974691533,0.27615429324327195,CS2_36,0.5777452
14,0.6920601964699544,-0.2853836147215479,0.5777311489876334,-0.31933797176498896,-0.26920157425051,0.2279240139370438,CS2_36,0.57773113
15,0.6956546273163112,-0.28538683813012594,0.5777392210561388,-0.4221973027763724,-0.2604505102685621,0.1935560873072517,CS2_36,0.57773924
16,0.699249058162668,-0.28507985239545647,0.5777408432451947,-0.36457506467807305,-0.2542284484418571,0.16854773560121702,CS2_36,0.57774085
17,0.7028434890090247,-0.28475331321939074,0.5777453547490469,-0.223110652143791,-0.25070572975625677,0.13200629628649566,CS2_36,0.5777454
18,0.7064379198553815,-0.28464827751620014,0.5777287853752423,-0.31933797176498896,-0.24907995713573391,0.12603370948472317,CS2_36,0.5777288
19,0.7100323507017383,-0.28452786180541256,0.5777258045703756,-0.21058440033325831,-0.24531633917833184,0.10932874650911494,CS2_36,0.5777258
20,0.713626781548095,-0.2848260542601704,0.5777303624375533,-0.3131509483093347,-0.24234566898333199,0.09105917441182954,CS2_36,0.57773036
21,0.7172212123944518,-0.2851603631577789,0.5685556063071043,-0.3131509483093347,-0.2410307730122388,0.08598519702111926,CS2_36,0.5685556
22,0.7208156432408086,-0.28277897258099743,0.5685620993633985,-0.4221973027763724,-0.23913400096690626,0.058256297520452444,CS2_36,0.5685621
23,0.7244100740871653,-0.3238951448017924,0.5685526686929345,-0.21058440033325831,-0.23842128454290262,0.04426659292207461,CS2_36,0.5685527
24,0.7280045049335221,-0.3649925865492992,0.5685603780238051,-0.09565490371977323,-0.29507433922342186,0.5131231602805764,CS2_36,0.56856036
25,0.7315989357798789,-0.28411983057338036,0.5777470022858865,-0.20430383428328566,-0.239038401035134,0.23350772430179484,CS2_36,0.577747
26,0.7351933666262356,-0.28374056356538535,0.5685713575132214,-0.21058440033325831,-0.29272663481575384,0.24663565023655862,CS2_36,0.5685713
27,0.7387877974725924,-0.28473277131716024,0.5685461429092118,-0.21058440033325831,-0.3043665082074034,0.14229014044770405,CS2_36,0.5685461
28,0.7423822283189492,-0.36503826687939495,0.5593749575552075,-0.198012169959421,-0.24862806916651572,0.10655073505255543,CS2_36,0.5593749
29,0.7459766591653059,-0.40616166112437796,0.5502121865487757,-0.13408716926334235,-0.24436221944817674,0.07227910970753659,CS2_36,0.5502122
30,0.7495710900116627,-0.4060587312490224,0.5593932378554836,0.05718471107465174,-0.2722214560415667,0.26324814294511156,CS2_36,0.5593932
31,0.7531655208580195,-0.4060046993326396,0.5502319296025067,-0.19170940736164174,-0.34838082542219906,0.3485291697960063,CS2_36,0.55023193
32,0.7567599517043762,-0.40610519325870853,0.5594069226017837,-0.198012169959421,-0.3789579595013696,0.3508652706304824,CS2_36,0.55940694
33,0.760354382550733,-0.4072598418584315,0.5594036412142284,-0.14044278078445677,-0.3692938957123361,0.3236161356722173,CS2_36,0.55940366
34,0.7639488133970898,-0.36482272966188967,0.568590052136376,-0.20430383428328566,-0.3889624619338411,0.31936806667004447,CS2_36,0.56859004
35,0.7675432442434464,-0.32848067737654674,0.5685734196195092,-0.20430383428328566,-0.39796414689662574,0.3758718734783844,CS2_36,0.5685734
36,0.7711376750898032,-0.3285364656721047,0.5685889646827583,-0.20430383428328566,-0.3735369731082295,0.1584864553497948,CS2_36,0.568589
37,0.77473210593616,-0.4080215180193398,0.5502428747256278,-0.04461552751296005,-0.305425909056949,0.1290398140351389,CS2_36,0.5502429
38,0.7783265367825167,-0.44694413367035823,0.5502561201521738,-0.13408716926334235,-0.29835019522398404,0.10764009896389079,CS2_36,0.55025613
39,0.7819209676288735,-0.4469291213171719,0.550259420778526,-0.14044278078445677,-0.3271130560265645,0.3216061938342104,CS2_36,0.5502594
40,0.7855153984752303,-0.48804514445427144,0.5410844873136074,0.01927459289370498,-0.40583117164698285,0.37501013403997496,CS2_36,0.54108447
41,0.789109829321587,-0.4880798242743625,0.541078395457614,-0.07004484395745321,-0.4313906917241462,0.3828361501304077,CS2_36,0.5410784
42,0.7927042601679438,-0.4880588435396123,0.5410905419303795,0.07020932823229992,-0.4306681034747353,0.37973804765365393,CS2_36,0.54109055
43,0.7962986910143006,-0.4063324500485735,0.5594519134270852,-0.08926969680158922,-0.45256479161473445,0.4132439672162643,CS2_36,0.55945194
44,0.7998931218606573,-0.4057567873522487,0.5594474961462643,-0.031752628060741486,-0.46503866274905825,0.44828289506635216,CS2_36,0.55944747
45,0.8034875527070141,-0.40571787164792544,0.5594446058266161,-0.08926969680158922,-0.43607540921949395,0.22090181456191757,CS2_36,0.5594446
46,0.8070819835533709,-0.4879975777728747,0.541101380566475,0.012796900359669442,-0.3661779571179935,0.17097949240136065,CS2_36,0.5411014
47,0.8106764143997276,-0.5291616957144064,0.5410841096822626,0.03226591522964767,-0.36187233090076854,0.1827020055080547,CS2_36,0.5410841
48,0.8142708452460844,-0.5291687017202737,0.5319141111770169,0.1276217561049304,-0.39007301271269945,0.3800280286507216,CS2_36,0.5319141
49,0.8178652760924412,-0.44679758877673026,0.5319450604705482,-0.31933797176498896,-0.47316683959132116,0.4397871652572706,CS2_36,0.53194505
50,0.8214597069387979,-0.4928199723097961,0.5135764193301497,-0.1594403832582269,-0.5061629877766635,0.4775406464059837,CS2_36,0.51357645
51,0.8250541377851547,-0.6936588551877493,0.4952194417659604,0.1407985781618017,-2.8085303683141385,0.7340189391348533,CS2_36,0.49521944
52,0.8286485686315115,-0.7347442970606964,0.495224715331606,0.41468442395732114,-0.6958418686552056,0.7549915616307323,CS2_36,0.4952247
53,0.8322429994778682,-0.612009207536851,0.5227584637305139,0.025764440680106238,-0.3786782251985805,0.2573768116129769,CS2_36,0.5227585
54,0.835837430324225,-0.6113934753266391,0.5135686162781502,0.07673934120044408,-0.5355666118883448,0.7336628987060443,CS2_36,0.51356864
55,0.8394318611705818,-0.611320148675208,0.5135838450464155,0.08328150942095397,-0.7021734157593821,0.9590697380214361,CS2_36,0.51358384
56,0.8430262920169385,-0.7758382742841325,0.4768813581815229,0.26254400041870846,-0.6939315218413566,0.5619890516594112,CS2_36,0.47688136
57,0.8466207228632953,-0.858131561897766,0.4676935974980904,0.5364573276543628,-0.5940377809695342,0.4712831821476604,CS2_36,0.4676936
58,0.8502151537096521,-0.8581590380881161,0.4676813673438197,0.4283839218660492,-0.5813521579183797,0.45351701589250676,CS2_36,0.46768138
59,0.8538095845560087,-0.8992606956135559,0.4493575580371952,0.4859009906068969,-0.6432418496898696,0.884360611153154,CS2_36,0.44935757
60,0.8574040154023655,-1.5570059386913544,0.3668078242837212,0.6079608639576839,-0.8169947244305035,1.1009844276906893,CS2_36,0.36680782
61,0.8609984462487222,-0.940397149161469,0.440174969364712,0.5364573276543628,-0.8834187223989421,1.1998101721804977,CS2_36,0.44017497
62,0.864592877095079,-0.9404114142656604,0.4401718861949968,0.6079608639576839,-0.9311361099074751,1.3382474321366056,CS2_36,0.4401719
63,0.8681873079414358,-0.8581410805893275,0.4768691002928021,0.32688915005535246,-0.967884916258647,0.7340189391348533,CS2_36,0.4768691
64,0.8717817387877925,-0.8170711271421675,0.4860324292266825,0.255832715643505,-0.9113868573575872,1.7892550694207972,CS2_36,0.48603243
65,0.8753761696341493,-0.8170556751498047,0.4860356381278434,0.255832715643505,-1.006178761851875,1.5098958898892418,CS2_36,0.48603565
66,0.8789706004805061,-0.9404173151940057,0.4401810910335221,0.6009351280885924,-0.9576476542590234,1.1075052992795344,CS2_36,0.44018108
67,0.8825650313268628,-0.9815145411335513,0.4401792119396882,0.6584521968294401,-0.8564610307140847,0.9673526573750174,CS2_36,0.4401792
68,0.8861594621732196,-0.9814961428750549,0.4401688655881792,0.6079608639576839,-0.8227417708313015,0.9056760412976037,CS2_36,0.44016886
69,0.8897538930195764,-1.0226022211698986,0.4310060519641419,0.7159692655702888,-0.8568522857844176,1.2329981291273542,CS2_36,0.43100604
70,0.8933483238659331,-1.0225346550643166,0.4218435930002084,0.8237810691880643,-1.0232285344749383,1.4867976615455452,CS2_36,0.4218436
71,0.8969427547122899,-1.0637340480410384,0.4126588929204626,0.7734863343111434,-1.0547289418079266,1.459428311099612,CS2_36,0.4126589
72,0.9005371855586467,-1.022657425339058,0.4493367748345744,0.8885204717928389,-1.0662293162113194,1.4958730809137863,CS2_36,0.44933677
73,0.9041316164050034,-0.9403701047344221,0.4585176683702486,0.5503914747827265,-1.0981210188561967,1.5342985786778909,CS2_36,0.45851767
74,0.9077260472513602,-0.9403669760535251,0.4676880925948163,0.5503914747827265,-1.1134447166611525,1.528425421374265,CS2_36,0.46768808
75,0.911320478097717,-0.8992556731921828,0.4677005996928348,0.5939220759611019,-1.1529833849152722,1.6304728006319091,CS2_36,0.4677006
76,0.9149149089440737,-1.0636911519225258,0.4126668504579718,0.7663163208813261,-1.0443113183388968,1.2618449366687254,CS2_36,0.41266686
77,0.9185093397904305,-1.104787340143229,0.4126667866460072,0.8812458174948034,-0.9704921526397519,1.1560882891561002,CS2_36,0.4126668
78,0.9221037706367873,-1.1047811328681378,0.4126711041142675,0.7806695599717883,-0.9439377630106308,1.082595473282865,CS2_36,0.41267112
79,0.925698201483144,-1.104801134562335,0.4126668073719212,0.8310034030519912,-0.9871389568028314,1.470736332916468,CS2_36,0.4126668
80,0.9292926323295008,-1.1048341912038873,0.4126605634335898,0.7950751194963662,-1.138992770848511,1.6465399437309938,CS2_36,0.41266057
81,0.9328870631758576,-1.1459247896713114,0.394329115645633,0.9814568889575237,-1.1780912007475504,1.5943798739097412,CS2_36,0.3943291
82,0.9364814940222143,-1.1459033493627508,0.3943154636945359,0.9460375405336876,-1.1627473788301546,1.5890772062530414,CS2_36,0.39431545
83,0.9400759248685711,-1.1870875836630301,0.3851419318671707,0.7374000324747247,-1.179305399957681,1.6042175882564866,CS2_36,0.38514194
84,0.9436703557149279,-1.228196660956861,0.3759731199334781,1.1036346154073695,-1.230886160743787,1.722399671837442,CS2_36,0.3759731
85,0.9472647865612845,-1.228203459852193,0.385149559604601,0.996174785619055,-1.2547999584506975,1.7406062289023725,CS2_36,0.38514957
86,0.9508592174076413,-1.2281223070501985,0.3759791456527523,0.9460375405336876,-1.269068606142959,0.7340189391348533,CS2_36,0.37597916
87,0.9544536482539981,-1.2281704636933082,0.3851432826038965,0.996174785619055,-1.2290296108605163,2.3115574605723896,CS2_36,0.38514328
88,0.9580480791003548,-1.2281692834095923,0.3759700859996983,0.6797254739423157,-1.2960644388971134,1.8452461074743427,CS2_36,0.3759701
89,0.9616425099467116,-1.145916563178778,0.4126684842632744,0.7663163208813261,-1.3077766654416572,1.8021250129643094,CS2_36,0.4126685
90,0.9652369407930684,-1.145881121713613,0.4035057550177287,0.708851572574587,-1.3270129631413317,1.7914886479513905,CS2_36,0.40350574
91,0.9688313716394251,-1.1458814368839967,0.4035011374763049,0.6149992835683825,-1.307012787914494,1.6492542601454463,CS2_36,0.40350112
92,0.9724258024857819,-1.1458881299506756,0.4034920772997256,0.6655307816218747,-1.2870227032236548,1.5701057135540357,CS2_36,0.40349206
93,0.9760202333321387,-1.1459368977550046,0.4034966460048043,0.7231001707968311,-1.1811707818377908,1.2995010717431146,CS2_36,0.40349665
94,0.9796146641784954,-1.1459491552287986,0.3943247220425941,0.6079608639576839,-1.1802376278964823,1.2649717796256374,CS2_36,0.39432472
95,0.9832090950248522,-1.1458946210997207,0.4034936457473183,0.7734863343111434,-1.1901525424897639,1.2842325605480847,CS2_36,0.40349364
96,0.986803525871209,-1.1458605973009508,0.403499728569581,0.5643763568774988,-1.19337375444183,1.2665688386283471,CS2_36,0.40349972
97,0.9903979567175657,-1.14596353304371,0.4034858888201201,0.6726215216666819,-1.1923300672248127,1.232902860168035,CS2_36,0.4034859
98,0.9939923875639225,-0.9814692963354297,0.4218438047182699,0.37768277876862216,-1.1925091277887885,1.2052740017788433,CS2_36,0.4218438
99,0.9975868184102793,-1.0637181074734403,0.4310172285364962,0.4352526964328129,-1.1856264629541247,1.179753465026776,CS2_36,0.43101722
100,1.001181249256636,-1.1047024670342027,0.4126763884032192,0.4859009906068969,-1.182926712662201,1.1563359599518221,CS2_36,0.4126764
101,1.0047756801029928,-1.145860078793555,0.4035013640913916,0.5434180593477447,-1.2153801510239999,1.6293303268121324,CS2_36,0.40350136
102,1.0083701109493495,-1.1870018472860613,0.3943321628317157,0.6513868242678479,-0.9810485889050519,0.9750772682700619,CS2_36,0.39433217
103,1.0119645417957064,-1.1870383150031456,0.3851528425176934,0.5503914747827265,-1.0464171224727083,0.9035928335375221,CS2_36,0.38515285
104,1.015558972642063,-1.2281755834062995,0.3759654900744255,0.7159692655702888,-1.1118171765422735,0.9935684871588578,CS2_36,0.37596548
105,1.0191534034884198,-1.2280734667347333,0.3759852949958667,0.6584521968294401,-1.156153189745537,1.0158261396624382,CS2_36,0.3759853
106,1.0227478343347767,-1.2281165034869186,0.3759870683028114,0.708851572574587,-1.1912560438910573,1.0430127159957165,CS2_36,0.37598708
107,1.0263422651811334,-1.1870033352157214,0.4126579798732402,0.6079608639576839,-1.214427112053175,1.0662973535627782,CS2_36,0.41265798
108,1.02993669602749,-1.186961946220575,0.4035045074645338,0.5503914747827265,-1.2320893251522487,1.0664250262843302,CS2_36,0.40350452
109,1.033531126873847,-1.1869608698779799,0.3943327052875744,0.6513868242678479,-1.2378192212182564,1.0540956178379248,CS2_36,0.3943327
110,1.0371255577202037,-1.2281926432661627,0.394309957770563,0.4421330977627178,-1.2296804895653348,0.8999183382898216,CS2_36,0.39430997
111,1.0407199885665603,-1.2692204991919034,-100.0,0.7159692655702888,-1.1740647763130738,0.995908004783249,CS2_36,0.37645543
112,1.0443144194129172,-1.2692959564682182,-100.0,0.7231001707968311,-1.1955101817366665,0.9298487067890542,CS2_36,0.37160757
113,1.047908850259274,-1.3104120941046886,-100.0,0.6079608639576839,-1.196503024253906,0.8643066900900821,CS2_36,0.37740436
114,1.0515032811056306,-1.3103447980399168,-100.0,0.6655307816218747,-1.2213313724588906,0.952238974541724,CS2_36,0.3688676
115,1.0550977119519875,-1.3103710788756135,-100.0,0.7159692655702888,-1.2523489472953246,0.9784306945459794,CS2_36,0.35866076
116,1.0586921427983442,-1.3102284802233262,-100.0,0.7159692655702888,-1.2821135963413508,0.992068521521228,CS2_36,0.35211942
117,1.062286573644701,-1.35134451736631,-100.0,0.8165719475549787,-1.2969352434898564,0.9794204682308745,CS2_36,0.34108847
118,1.0658810044910578,-1.310255368848418,-100.0,0.6149992835683825,-1.3074318534308842,0.9782701975791172,CS2_36,0.35369986
119,1.0694754353374145,-1.1869542918594789,-100.0,0.5364573276543628,-1.3131721318965695,0.9625235595937222,CS2_36,0.36098552
120,1.0730698661837712,-1.3103300458120324,-100.0,0.6079608639576839,-1.3234983903856645,0.9668353209921691,CS2_36,0.3510889
121,1.0766642970301281,-1.3514701376858775,-100.0,0.7663163208813261,-1.330834144551011,0.9494276381817547,CS2_36,0.33779085
122,1.0802587278764848,-1.351428696632858,-100.0,0.7734863343111434,-1.2979684826041131,0.9238173998252067,CS2_36,0.34494272
123,1.0838531587228415,-1.3925855029894811,-100.0,0.8812458174948034,-1.153879989197788,0.7634675397825523,CS2_36,0.3539146
124,1.0874475895691984,-1.4336606929251328,-100.0,0.8382389491467516,-1.3038304117196013,1.0050315245183112,CS2_36,0.3358968
125,1.091042020415555,-1.433701628614886,-100.0,0.8310034030519912,-1.3777402514292187,1.0593947736545475,CS2_36,0.3220466
126,1.0946364512619118,-1.4336475128656345,-100.0,0.8382389491467516,-1.4047145464925352,1.0866085479582606,CS2_36,0.31635037
127,1.0982308821082687,-1.4747100019920962,-100.0,0.8885204717928389,-1.4267517351631853,0.7340189391348533,CS2_36,0.30334792
128,1.1018253129546254,-1.47478382367332,-100.0,0.9533782559858998,-1.3426371603866798,1.5951463504270877,CS2_36,0.32524487
129,1.105419743800982,-1.474780499291258,-100.0,0.8812458174948034,-1.451797985696605,1.2002553589761678,CS2_36,0.30449703
130,1.109014174647339,-1.4747871334872469,-100.0,0.7302432312757479,-1.4647549441557524,1.18326268640155,CS2_36,0.30897865
131,1.1126086054936957,-1.4747563859879664,-100.0,0.8885204717928389,-1.4827680735375393,1.1806430531905052,CS2_36,0.29816684
132,1.1162030363400524,-1.4747222286845956,-100.0,0.7374000324747247,-1.4865412344296325,1.1189976715771373,CS2_36,0.30439353
133,1.1197974671864093,-1.5158589010552792,-100.0,0.7878654693740472,-1.4615334790619972,1.048885942794084,CS2_36,0.306941
134,1.123391898032766,-1.5158877248318179,-100.0,0.8958083383217089,-1.477379157546135,1.0928384291232633,CS2_36,0.29769704
135,1.1269863288791226,-1.5159203370616277,-100.0,0.8958083383217089,-1.462707620660091,1.0501957150456929,CS2_36,0.30155548
136,1.1305807597254796,-1.5981284903940702,-100.0,0.9533782559858998,-1.4889295513568879,1.1248743500967224,CS2_36,0.28963965
137,1.1341751905718362,-1.5981050164079926,-100.0,1.0109476451608561,-1.5216642352904683,1.1321895861096536,CS2_36,0.27778137
138,1.137769621418193,-1.6392220907106865,-100.0,0.9533782559858998,-1.5340777455188837,1.1539714897370645,CS2_36,0.27844465
139,1.1413640522645498,-1.6392493317219752,-100.0,0.9680987950935922,-1.5624973034357896,1.2716440237459592,CS2_36,0.27218065
140,1.1449584831109065,-1.6392141465170527,-100.0,1.061071678015383,-1.6264211648439013,1.3312141402452253,CS2_36,0.25407884
0,0.7387877974725924,-0.12541809214607347,0.6142869655897861,-0.2438892633341792,-0.1370515823820505,0.6812256947435053,CS2_37,0.61428696
1,0.7423822283189492,-0.12528045655688133,0.6142865100310296,-0.13486880483957514,-0.15804456096894393,0.47083329404847596,CS2_37,0.6142865
2,0.7459766591653059,-0.1248887261357554,0.6051225429867513,-0.2892072150999825,-0.1530968933168797,0.4264677187847901,CS2_37,0.60512257
3,0.7495710900116627,-0.1247827761484939,0.6051191056280754,-0.2438892633341792,-0.14951411392407787,0.3975934344328679,CS2_37,0.6051191
4,0.7531655208580195,-0.12455634351953264,0.605128733994246,-0.2892072150999825,-0.1455300157215077,0.3677251617600363,CS2_37,0.6051287
5,0.7567599517043762,-0.1247386853745661,0.6051282289127655,-0.14117209592657998,-0.14063251255856765,0.3405471262032403,CS2_37,0.6051282
6,0.760354382550733,-0.1247538062773295,0.6051167779182625,-0.2438892633341792,-0.13698952999442016,0.32064837499758325,CS2_37,0.6051168
7,0.7639488133970898,-0.12481324662147314,0.6051181004364723,-0.19248417257783712,-0.1326942773062577,0.29643354439675423,CS2_37,0.6051181
8,0.7675432442434464,-0.1240741114028755,0.605195025212064,-0.30155695150655765,-0.12977468669856104,0.26583786365476697,CS2_37,0.60519505
9,0.7711376750898032,-0.1600487852772043,0.5868090729812494,-0.026044944339799557,-0.12995401737728163,0.2632232666573951,CS2_37,0.5868091
10,0.77473210593616,-0.20120150926434058,0.5959649974037021,-0.07088619881705858,-0.12620053792328126,0.2331312455539997,CS2_37,0.59596497
11,0.7783265367825167,-0.24223273516965507,0.5868000228461705,-0.0003450414077961036,-0.12358107339367565,0.21153992212881617,CS2_37,0.58680004
12,0.7819209676288735,-0.16505412869074548,0.6051261960940353,-0.07725290861207877,-0.2506144286133601,1.0971204215122448,CS2_37,0.6051262
13,0.7855153984752303,-0.16385313094599596,0.5959690081675153,-0.07725290861207877,-0.20761398917580226,0.7511376378425426,CS2_37,0.595969
14,0.789109829321587,-0.20132714622641876,0.5776385528361416,-0.17994787947187238,-0.2644729558477362,0.7768812723371012,CS2_37,0.57763857
15,0.7927042601679438,-0.24349568314811065,0.5868150654051486,-0.1610575603124945,-0.24536498387972672,0.5323120174022602,CS2_37,0.58681506
16,0.7962986910143006,-0.24387632897208805,0.5868015497033167,-0.0645078622589051,-0.20143828956658244,0.4571913334004,CS2_37,0.5868015
17,0.7998931218606573,-0.283398265964685,0.5867985688036454,-0.07088619881705858,-0.19001764351320352,0.4134646601861716,CS2_37,0.58679855
18,0.8034875527070141,-0.2834177603952301,0.5867971762961838,-0.11589022797821505,-0.2653755648799163,0.6622130346843347,CS2_37,0.5867972
19,0.8070819835533709,-0.2833980679102683,0.5867955374022882,-0.019637540873809926,-0.299675752797515,0.6615106172276852,CS2_37,0.5867955
20,0.8106764143997276,-0.24233566308321072,0.5867917938245791,-0.019637540873809926,-0.30111100923922784,0.6985625280306,CS2_37,0.5867918
21,0.8142708452460844,-0.24245618352155054,0.5959448806292623,-0.12855388698943016,-0.2974977742526238,0.6332117685185169,CS2_37,0.5959449
22,0.8178652760924412,-0.2423811369777401,0.5959615682698703,-0.07088619881705858,-0.2992238903058905,0.626982792043933,CS2_37,0.5959616
23,0.8214597069387979,-0.2834050329518353,0.5776213587292254,-0.07088619881705858,-0.3114568765426614,0.7364160924907561,CS2_37,0.57762134
24,0.8250541377851547,-0.2860051629818166,0.5776150405055,-0.019637540873809926,-0.25660096075094746,0.5065083948203022,CS2_37,0.577615
25,0.8286485686315115,-0.2862059933516029,0.5776337735215434,-0.013217982155453589,-0.24745853201871576,0.4793278270710841,CS2_37,0.5776338
26,0.8322429994778682,-0.2862235336073162,0.5776203427514616,-0.0645078622589051,-0.25777435459594494,0.5584722026903256,CS2_37,0.5776203
27,0.835837430324225,-0.32452971123325886,0.5776231201893669,0.0955937230919553,-0.33144626941035527,0.7179524136416721,CS2_37,0.5776231
28,0.8394318611705818,-0.3245145049066169,0.5776234608795651,-0.0067878536524249074,-0.33628317031392463,0.6893971290052278,CS2_37,0.5776235
29,0.8430262920169385,-0.28353533464351016,0.5867661580576254,0.0955937230919553,-0.33228866090663534,0.6600123339604588,CS2_37,0.5867662
30,0.8466207228632953,-0.28363055115381397,0.5867479282771046,0.03151810296435378,-0.32940802699102967,0.6185535184296204,CS2_37,0.58674794
31,0.8502151537096521,-0.2834929847505666,0.5867816238237118,-0.07088619881705858,-0.33892135720393185,0.6689885903735449,CS2_37,0.5867816
32,0.8538095845560087,-0.3262761592711549,0.5684613860554592,-0.05811789893761933,-0.32741973223060084,0.541995813716068,CS2_37,0.56846136
33,0.8574040154023655,-0.36554141741729224,0.56846354018448,0.10211739418929547,-0.2873780223346711,0.5213628110515598,CS2_37,0.56846356
34,0.8609984462487222,-0.36558097819654745,0.5776247062127572,-0.0003450414077961036,-0.285850564135407,0.5030934854024298,CS2_37,0.5776247
35,0.864592877095079,-0.3655678495044828,0.5684626332381778,0.04444970601692389,-0.32812209479870663,0.7532184403089358,CS2_37,0.5684626
36,0.8681873079414358,-0.365643158988516,0.5684472085254625,0.15320909083021725,-0.3893789886612499,0.7858262102489709,CS2_37,0.56844723
37,0.8717817387877925,-0.3271110974074226,0.5776233838903522,0.0955937230919553,-0.3907638834183718,0.7588686910775457,CS2_37,0.57762337
38,0.8753761696341493,-0.28922725374438335,0.5776166843690134,-0.12855388698943016,-0.3895091223210058,0.776081885365136,CS2_37,0.5776167
39,0.8789706004805061,-0.28819975388036606,0.5776142573471384,-0.07088619881705858,-0.40221377550664955,0.7876479089062259,CS2_37,0.57761425
40,0.8825650313268628,-0.3253840339210932,0.5592740082840226,-0.07088619881705858,-0.40943915728568575,0.7941006128360797,CS2_37,0.559274
41,0.8861594621732196,-0.365708729598529,0.5684415268043258,0.03797782686445204,-0.34748861718984464,0.5394738236076213,CS2_37,0.5684415
42,0.8897538930195764,-0.36575479783354503,0.5592587063461637,-0.019637540873809926,-0.3158469362691848,0.49680137225609955,CS2_37,0.5592587
43,0.8933483238659331,-0.32900302473519527,0.5684438281407872,-0.0067878536524249074,-0.30599198543046885,0.4511901503082914,CS2_37,0.56844383
44,0.8969427547122899,-0.3657197880119517,0.5684330018032714,-0.12855388698943016,-0.3595819624316715,0.5784706969490643,CS2_37,0.568433
45,0.9005371855586467,-0.3657260817696145,0.5684331702317964,-0.10954095832789773,-0.3826130087999946,0.6482293459362775,CS2_37,0.56843317
46,0.9041316164050034,-0.32463758860731945,0.5776002283197027,-0.07088619881705858,-0.379712365753152,0.5892039064209854,CS2_37,0.57760024
47,0.9077260472513602,-0.32463168717837215,0.5776047132504573,-0.12855388698943016,-0.36193982197038205,0.5458601591788524,CS2_37,0.5776047
48,0.911320478097717,-0.2905090676228754,0.5776035566464646,-0.07088619881705858,-0.3650606081782608,0.5349680939488444,CS2_37,0.5776036
49,0.9149149089440737,-0.29020122248076174,0.5776021511396429,-0.12855388698943016,-0.37307872745694276,0.5888854384989917,CS2_37,0.57760215
50,0.9185093397904305,-0.29023931927742436,0.5775826580457565,-0.2314348860593927,-0.3164878484379319,0.3989363839126493,CS2_37,0.57758266
51,0.9221037706367873,-0.29115083984381124,0.5684372915786324,-0.18622157516180762,-0.30360166724362225,0.33183013683240253,CS2_37,0.5684373
52,0.925698201483144,-0.2905747690580235,0.5684201323849242,-0.17994787947187238,-0.2997677521892675,0.32566586126979863,CS2_37,0.5684201
53,0.9292926323295008,-0.290403236261329,0.5684217038498669,-0.2376678880783526,-0.29830249730540775,0.7340189391348533,CS2_37,0.5684217
54,0.9328870631758576,-0.29030389391091693,0.5684206202903106,-0.17994787947187238,-0.25432653529976146,0.5490960257658912,CS2_37,0.56842065
55,0.9364814940222143,-0.29077270461216054,0.5684267087483753,-0.29538789668483967,-0.29705775733539325,0.3205210363560663,CS2_37,0.5684267
56,0.9400759248685711,-0.29073477098248124,0.5684222789614021,-0.07088619881705858,-0.29344461728615195,0.28705495832495065,CS2_37,0.56842226
57,0.9436703557149279,-0.2904485189496989,0.5684888131975989,-0.07725290861207877,-0.2918787289547616,0.2687173657621401,CS2_37,0.56848884
58,0.9472647865612845,-0.24558551237606174,0.5684606289818025,-0.2376678880783526,-0.2904537109180925,0.2589757212305036,CS2_37,0.56846064
59,0.9508592174076413,-0.2866847982945069,0.5684364869729572,-0.07725290861207877,-0.29254062990993135,0.24025857826932454,CS2_37,0.5684365
60,0.9544536482539981,-0.32462634713316574,0.5684363406072495,-0.013217982155453589,-0.29139664543146676,0.23425389663058863,CS2_37,0.5684363
61,0.9580480791003548,-0.28629157614060874,0.5775884620041549,-0.07088619881705858,-0.3288624934973472,0.4696510282605027,CS2_37,0.57758844
62,0.9616425099467116,-0.2876647448254287,0.57757509364225,-0.13486880483957514,-0.24930433718792613,0.3017670671150953,CS2_37,0.5775751
63,0.9652369407930684,-0.2889908266689049,0.5684225028588558,-0.17994787947187238,-0.30571209661681276,0.34987611619046227,CS2_37,0.5684225
64,0.9688313716394251,-0.3657160971705105,0.5592776588637446,-0.013217982155453589,-0.3199009843661805,0.25664003612297975,CS2_37,0.55927765
65,0.9724258024857819,-0.3688301718831902,0.5592759116622199,0.10211739418929547,-0.28027887460472656,0.19496437182816112,CS2_37,0.5592759
66,0.9760202333321387,-0.4068306664161993,0.5592624476636573,0.03797782686445204,-0.28220463792491063,0.18509587557731663,CS2_37,0.55926245
67,0.9796146641784954,-0.4067069132181261,0.5592776575222189,0.03797782686445204,-0.307825956730727,0.3390394331907009,CS2_37,0.55927765
68,0.9832090950248522,-0.4068395084462847,0.5500907276353817,0.05093215495405431,-0.36817011154061563,0.42263276325467336,CS2_37,0.55009073
69,0.986803525871209,-0.4075050458840506,0.5501047251614487,0.10211739418929547,-0.39594746746298676,0.45079992292048915,CS2_37,0.55010474
70,0.9903979567175657,-0.3657453569600768,0.5684299291713559,0.03797782686445204,-0.40030239463453293,0.41541510134054926,CS2_37,0.56842995
71,0.9939923875639225,-0.331395542283565,0.5684284128000683,0.05093215495405431,-0.4053598763287556,0.45875985985910955,CS2_37,0.5684284
72,0.9975868184102793,-0.3313134659506051,0.5592531924668321,0.0955937230919553,-0.421506665512636,0.49076441369336027,CS2_37,0.5592532
73,1.001181249256636,-0.40680870033011424,0.5592741435194747,-0.0003450414077961036,-0.3960757520640891,0.2613380935087,CS2_37,0.55927414
74,1.0047756801029928,-0.4476290992211508,0.5501412705243137,0.10211739418929547,-0.33680562098919314,0.25009766222870855,CS2_37,0.5501413
75,1.0083701109493495,-0.4476244057412298,0.5501457942831812,0.1663721721670216,-0.33057282252427117,0.22697358112454466,CS2_37,0.5501458
76,1.0119645417957064,-0.447705688883919,0.5409669314313778,0.15978508236166605,-0.36001824750613703,0.438639319695885,CS2_37,0.5409669
77,1.015558972642063,-0.44764402277694726,0.5501441845936056,0.21745277053404452,-0.42582105833097333,0.4933526883610231,CS2_37,0.5501442
78,1.0191534034884198,-0.44770384723296275,0.5409700953840898,0.15978508236166605,-0.44412523309385477,0.5239523156335981,CS2_37,0.5409701
79,1.0227478343347767,-0.4066880257027854,0.559290622153441,0.03797782686445204,-0.44638310288926725,0.5022967554507339,CS2_37,0.55929065
80,1.0263422651811334,-0.37217401264130506,0.5592847172017135,-0.0067878536524249074,-0.46655429926443076,0.5592792011593843,CS2_37,0.55928475
81,1.02993669602749,-0.4476489509675096,0.5501384742589859,0.10211739418929547,-0.42942164284179585,0.3263402595720122,CS2_37,0.5501385
82,1.033531126873847,-0.488811394017398,0.5409608692846463,0.21745277053404452,-0.3746374984555071,-5.160476680298018,CS2_37,0.54096085
83,1.0371255577202037,-0.48887926910030716,0.5409457784948073,0.12175869654936876,-0.3161123716715257,0.5197796806239592,CS2_37,0.54094577
84,1.0407199885665603,-0.24362215631567607,0.5592853689271615,-0.07725290861207877,-0.3779085265157203,0.3675078092269123,CS2_37,0.55928534
85,1.0443144194129172,-0.283917269371941,0.5592798775410648,-0.12222787086539219,-0.4487108271362395,0.48520753767507296,CS2_37,0.55927986
86,1.047908850259274,-0.44763141525551303,0.531804383614608,0.2684403547959825,-0.47865660258865433,0.5218756601987925,CS2_37,0.5318044
87,1.0515032811056306,-0.5298145605697587,0.5318121111951327,0.3260557225342444,-1.536217822054321,0.7340189391348533,CS2_37,0.53181213
88,1.0550977119519875,-0.447825717732522,0.5501170036428156,0.2617724061379156,-1.8138117423806288,-0.015757787227014448,CS2_37,0.550117
89,1.0586921427983442,-0.4477941576139079,0.5409444783479889,0.1086521635605345,-0.2145929288210925,0.1066127397635407,CS2_37,0.54094446
90,1.062286573644701,-0.44786192022399646,0.5409414536034318,0.21082498705771363,-0.33791189777570935,0.6357646511342286,CS2_37,0.5409415
91,1.0658810044910578,-0.5708521205873265,0.5226523433368975,0.23074427475456707,-0.5166737059022884,0.8541108254164209,CS2_37,0.5226523
92,1.0694754353374145,-0.6119941815141207,0.5134716273289596,0.4549727436886629,-0.5299079705425704,0.5445167823509759,CS2_37,0.5134716
93,1.0730698661837712,-0.6531931300622505,0.5134563065145734,0.46183411940616365,-0.44377126760656405,0.41193207342822247,CS2_37,0.5134563
94,1.0766642970301281,-0.6941829286128017,0.4951339148800424,0.51269275229515,-0.43272151453095353,0.34287157944095104,CS2_37,0.4951339
95,1.0802587278764848,-0.6943054910140964,0.495108099099264,0.5565182504657749,-0.49366800617455475,0.752442776297674,CS2_37,0.4951081
96,1.0838531587228415,-0.7352615603891269,0.4951338785666496,0.6647163797131777,-0.6359418970129238,0.9676612363875049,CS2_37,0.49513388
97,1.0874475895691984,-0.6532701563282124,0.5226129973706853,0.35305835142662734,-0.6897004308370827,1.0243882914396523,CS2_37,0.522613
98,1.091042020415555,-0.6533048911964868,0.5225999274777523,0.38367161876174083,-0.7408497561332968,1.191313374980875,CS2_37,0.52259994
99,1.0946364512619118,-0.6121941901767024,0.5226046638692607,0.2240921807735018,-0.7688879386019041,1.1678684807582045,CS2_37,0.52260464
100,1.0982308821082687,-0.7353219738268724,0.4951189282797421,0.5057917398851407,-0.7834188686151965,1.1994579567865213,CS2_37,0.49511892
101,1.1018253129546254,-0.7763606210120053,0.4859687340175219,0.6647163797131777,-0.7988229187022439,1.1429267965872119,CS2_37,0.48596874
102,1.105419743800982,-0.776392836776951,0.4859625482915797,0.6211271162298898,-0.671784985233107,0.7742979914021582,CS2_37,0.48596254
103,1.109014174647339,-0.8174461331808518,0.4768038017611795,0.7152087695634017,-0.6482404843463201,0.7330002624742681,CS2_37,0.4768038
104,1.1126086054936957,-0.8174797264709559,0.4767992107833311,0.6141336182040369,-0.6218976755628367,0.6241987229600735,CS2_37,0.47679922
105,1.1162030363400524,-0.8586057185384299,0.4767901406867506,0.6787948044022614,-0.8043720427741184,1.190386540148091,CS2_37,0.47679013
106,1.1197974671864093,-0.8175197112528931,0.5042928742193189,0.6858527781145906,-0.8400374383458552,1.214566396682933,CS2_37,0.50429285
107,1.123391898032766,-0.7353727227299416,0.513450813353562,0.44812405171277014,-0.8470919819623668,1.202683695410969,CS2_37,0.5134508
108,1.1269863288791226,-0.6958963277433001,0.5042633934075409,0.3972522065929493,-0.8810811938075647,1.2291949643157152,CS2_37,0.5042634
109,1.1305807597254796,-0.858612317222728,0.4676146616559113,0.5196064484467525,-0.928396898888307,1.3825446063889795,CS2_37,0.46761465
110,1.1341751905718362,-0.8997320997919025,0.4584443606793876,0.6787948044022614,-0.830572483454985,1.0030244698435855,CS2_37,0.45844436
111,1.137769621418193,-0.8997463755477882,0.4584417248555756,0.5773787774873413,-0.7595030095024525,0.7340189391348533,CS2_37,0.45844173
112,1.1413640522645498,-0.8997341201513969,0.4584460806586828,0.6281327695081104,-0.6773145143235086,1.2315055701593811,CS2_37,0.4584461
113,1.1449584831109065,-0.8997046968640116,0.4584512054406042,0.6787948044022614,-0.7609065002104453,1.047992856480123,CS2_37,0.4584512
114,1.1485529139572632,-0.9407506982032666,0.4401124864273779,0.6351516350171714,-0.935913108968313,1.35041144648266,CS2_37,0.44011247
115,1.1521473448036201,-0.9818218708356198,0.4492994497098082,0.6929239640577602,-0.9655570372141071,1.3300975491709104,CS2_37,0.44929945
116,1.1557417756499768,-0.981875928132966,0.4401178766183811,0.7364624925746398,-0.9620546612292527,1.3177038161792576,CS2_37,0.44011787
117,1.1593362064963335,-0.9819984317487173,-100.0,0.7435727867210776,-0.9812319053545427,1.3645937894689686,CS2_37,0.40283158
118,1.1629306373426904,-0.9819511065988396,-100.0,0.8590128039340381,-0.9873232484299183,1.3386888045104743,CS2_37,0.3775141
119,1.166525068189047,-1.0230637320229985,-100.0,0.7000078337425301,-1.0340471759939824,1.4596822228837598,CS2_37,0.4014602
120,1.1701194990354038,-1.0230622567744738,-100.0,0.9094660855809938,-1.0563150716490224,1.518007173006258,CS2_37,0.3516724
121,1.1737139298817607,-0.9819158288440194,-100.0,0.8517983974086154,-1.0700630160180973,1.5086481923350303,CS2_37,0.36839557
122,1.1773083607281174,-0.981909256727723,-100.0,0.6717495144315322,-1.0877250133132013,1.5380023493188957,CS2_37,0.4071559
123,1.180902791574474,-0.940931162814552,-100.0,0.5634594280575191,-1.0995163198638715,1.5696239220496824,CS2_37,0.42923525
124,1.184497222420831,-0.9409303942976258,-100.0,0.6647163797131777,-1.1131641528032667,1.5588279294816245,CS2_37,0.40986538
125,1.1880916532671877,-0.9820506729021432,-100.0,0.6071533324090175,-1.1046141821528734,1.4786238381412138,CS2_37,0.4184561
126,1.1916860841135444,-0.9820426542631933,-100.0,0.6141336182040369,-1.0810515391451987,1.5294747827329112,CS2_37,0.41964442
127,1.1952805149599013,-0.9820426254605467,-100.0,0.6281327695081104,-1.0047747679960766,1.1514525317996471,CS2_37,0.43700647
128,1.198874945806258,-0.9409446668232353,-100.0,0.5634594280575191,-0.9856260709040979,1.080734236859638,CS2_37,0.45380738
129,1.2024693766526147,-0.9409031282798224,-100.0,0.5057917398851407,-1.0045625842262291,1.125132475010973,CS2_37,0.46625283
130,1.2060638074989716,-0.9406938220154668,-100.0,0.5565182504657749,-1.0055158766638994,1.1155823316243363,CS2_37,0.4555624
131,1.2096582383453283,-0.9406259018631297,-100.0,0.5196064484467525,-1.0043934129389755,1.0867716804164091,CS2_37,0.46320942
132,1.213252669191685,-0.9406528139056286,-100.0,0.5704127609016302,-1.0013913177304437,1.0563957350205755,CS2_37,0.45125046
133,1.2168471000380419,-0.8175634901767378,-100.0,0.23074427475456707,-0.994728030607247,1.0322803091280186,CS2_37,0.5051028
134,1.2204415308843986,-1.3931100825388718,-100.0,0.5057917398851407,-0.992690748597938,1.0236882694059,CS2_37,0.4346595
135,1.2240359617307552,-0.8998632155299424,-100.0,0.3462894613249781,-0.9897404257141935,0.9931843042250345,CS2_37,0.49047145
136,1.2276303925771122,-0.8998304067229486,-100.0,0.4549727436886629,-0.9872916215616887,0.9488496483414027,CS2_37,0.47214475
137,1.2312248234234688,-0.9409879971790246,-100.0,0.4412869865000097,-0.9964132221474077,1.1326100869712745,CS2_37,0.4818797
138,1.2348192542698255,-0.9409166222130315,-100.0,0.4549727436886629,-0.8191014894256478,-5.160476680298018,CS2_37,0.46722767
139,1.2384136851161824,-0.9820427942297517,-100.0,0.4040617903655748,-0.7585591793758328,1.2030753169747752,CS2_37,0.5019059
140,1.2420081159625391,-0.9819546860614344,-100.0,0.5196064484467525,-0.8925004034815144,0.9127574743592598,CS2_37,0.46291605
141,1.2456025468088958,-0.9820423481624115,-100.0,0.5634594280575191,-0.9417220551845015,0.9388841856917521,CS2_37,0.45312414
142,1.2491969776552527,-0.9409079573854051,-100.0,0.4549727436886629,-0.9662179018945651,0.9517556028265877,CS2_37,0.47360286
143,1.2527914085016094,-0.9820541426925556,-100.0,0.4549727436886629,-0.9867000331447146,0.9722986602849598,CS2_37,0.4725516
144,1.256385839347966,-0.982046881895338,-100.0,0.5057917398851407,-0.9999362891318886,0.9725178800841245,CS2_37,0.4632088
145,1.259980270194323,-0.9821347531740565,-100.0,0.44812405171277014,-1.0068505993620347,0.9647829061964404,CS2_37,0.47192308
146,1.2635747010406797,-1.0232175179106897,-100.0,0.4040617903655748,-0.9983798677394581,0.8500582171609711,CS2_37,0.46902892
0,0.8250541377851547,-0.03814891887201249,0.6232924752298863,0.0357481307886531,-0.11089389517626544,0.6229615590772748,CS2_38,0.62329245
1,0.8286485686315115,-0.03791964498964718,0.6232898260115255,-0.11808927167847758,-0.10433052589819769,0.5965135542007912,CS2_38,0.6232898
2,0.8322429994778682,-0.12009989067755909,0.6141142134069536,0.09986127365182156,-0.13179645099597548,0.7375997659972555,CS2_38,0.6141142
3,0.835837430324225,-0.12004180402860024,0.6141213022985389,-0.009014907282056749,-0.06753784393324971,0.49271122150322266,CS2_38,0.6141213
4,0.8394318611705818,-0.12002090445540842,0.6141393644712545,0.09986127365182156,-0.060403331642404044,0.4755596724517427,CS2_38,0.6141394
5,0.8430262920169385,-0.11995094833093277,0.6141409041626131,0.14438754854596003,-0.0857120224816037,0.6512951830473566,CS2_38,0.6141409
6,0.8466207228632953,-0.12000972235469723,0.6141312269101016,0.09986127365182156,-0.16006628759079589,0.7414572979606042,CS2_38,0.6141312
7,0.8502151537096521,-0.08065232990021351,0.6233130216605758,0.09334605838221219,-0.15619376380023028,0.7266400879434322,CS2_38,0.623313
8,0.8538095845560087,-0.0789310880806417,0.6233045476622933,-0.12441898722715046,-0.16434147682178743,0.7626065240857149,CS2_38,0.62330455
9,0.8574040154023655,-0.0418500989262659,0.6233043770995947,-0.021849268315672573,-0.16029755558391495,0.7417482533657204,CS2_38,0.62330437
10,0.8609984462487222,-0.08001486392111659,0.6141505699316012,-0.0730878849634892,-0.16306732234401158,0.7414607280374775,CS2_38,0.6141506
11,0.864592877095079,-0.1199178699952829,0.6141531222770003,0.09334605838221219,-0.10901399976795209,0.5093532655025219,CS2_38,0.61415315
12,0.8681873079414358,-0.12005114582042534,0.6141175274578536,0.029296334227059097,-0.07722182385414708,0.4338775177003149,CS2_38,0.6141175
13,0.8717817387877925,-0.12007087076108106,0.6141250834944542,0.0357481307886531,-0.06403519627331776,0.32681037112803657,CS2_38,0.6141251
14,0.8753761696341493,-0.12019500852177742,0.6141113607298496,0.0357481307886531,-0.1166620130250349,0.5303669214491178,CS2_38,0.61411136
15,0.8789706004805061,-0.12014014591844177,0.614111040988616,0.029296334227059097,-0.13222709975513616,0.5754674408002276,CS2_38,0.61411107
16,0.8825650313268628,-0.07902452822729641,0.6232727341731332,-0.028249272932398258,-0.12269278482179875,0.4895474134579233,CS2_38,0.6232727
17,0.8861594621732196,-0.04211245015926885,0.6232886158777021,-0.13073760450192348,-0.12088616582347896,0.4979162927157412,CS2_38,0.62328863
18,0.8897538930195764,-0.04166516532722052,0.6232889278298118,-0.07944666742000513,-0.12670665533908812,0.4832866159947781,CS2_38,0.6232889
19,0.8933483238659331,-0.041612233472644734,0.6232829568301816,-0.07944666742000513,-0.10307288127186426,0.3309005060703491,CS2_38,0.62328297
20,0.8969427547122899,-0.041661226805375026,0.6233146398969003,0.08684194138650955,-0.058243483855112736,0.2811371230263301,CS2_38,0.6233146
21,0.9005371855586467,-0.04159384747906203,0.6141532851025375,-0.13073760450192348,-0.05023524053554711,0.25069831454054814,CS2_38,0.61415327
22,0.9041316164050034,-0.04152075361664717,0.6141320673587993,-0.07944666742000513,-0.04545660119595772,0.2204830109576735,CS2_38,0.61413205
23,0.9077260472513602,-0.041584375734601116,0.6141248846524029,-0.28516744339971556,-0.04291846260528789,0.20566244750017906,CS2_38,0.6141249
24,0.911320478097717,-0.041599413828629334,0.6141322193176986,-0.08579488009184871,-0.042366396749843147,0.19454784099582162,CS2_38,0.6141322
25,0.9149149089440737,-0.04262305682759175,0.6141390999999982,-0.1946419941178968,-0.03881312928754792,0.16490364737936297,CS2_38,0.6141391
26,0.9185093397904305,-0.04294943088846307,0.6142333872136324,-0.2273607625589534,-0.03561136081809563,-5.160476680298018,CS2_38,0.6142334
27,0.9221037706367873,-0.04286739693736932,0.6142169578379,-0.028249272932398258,-0.009961418585413988,0.3200479592760053,CS2_38,0.614217
28,0.925698201483144,-0.037741829854612656,0.6049971426669707,-0.1946419941178968,-0.036233114020428336,-5.160476680298018,CS2_38,0.60499716
29,0.9292926323295008,-0.03894488586414168,0.6141389354773862,-0.13073760450192348,-0.0120282936582322,0.31120108265579444,CS2_38,0.61413896
30,0.9328870631758576,-0.0788998308414384,0.6141372287625324,-0.13073760450192348,-0.03940377963452148,0.13216957273024502,CS2_38,0.61413723
31,0.9364814940222143,-0.037818067407464455,0.6233056967695862,-0.13704459501356422,-0.08490864974562498,0.4619849718367743,CS2_38,0.6233057
32,0.9400759248685711,-0.003993909813542878,0.6141126615112833,-0.1946419941178968,-0.011592441625812883,0.17882515495835047,CS2_38,0.6141127
33,0.9436703557149279,-0.04038719674731075,0.6049631603681576,-0.08579488009184871,-0.047468424945301756,0.20872141809433828,CS2_38,0.6049632
34,0.9472647865612845,-0.079360340067785,0.6141299423561558,-0.0730878849634892,-0.035213058127754805,0.01810314242963396,CS2_38,0.61412996
35,0.9508592174076413,-0.08193902084889272,0.6049623184275934,-0.06671694725460656,-0.0014522544012001892,-0.0023369875268695536,CS2_38,0.6049623
36,0.9544536482539981,-0.08174477274971673,0.6141369805157404,-0.0730878849634892,0.0011077101508202944,-0.003997253351835235,CS2_38,0.614137
37,0.9580480791003548,-0.12004117673487158,0.604962610313657,-0.015438165425054903,-0.0464329681566766,0.1505584934617297,CS2_38,0.6049626
38,0.9616425099467116,-0.12008414796317823,0.6049545286739376,-0.015438165425054903,-0.09234525685100876,0.28001450439099473,CS2_38,0.60495454
39,0.9652369407930684,-0.07895383748061027,0.6141263095363365,-0.03463712229675035,-0.09449247432508256,0.24235737860994502,CS2_38,0.6141263
40,0.9688313716394251,-0.044342731313847535,0.6141233969639484,-0.13704459501356422,-0.09160171584887945,0.2342447849983454,CS2_38,0.6141234
41,0.9724258024857819,-0.0443008552303237,0.614135657270461,-0.14334048725130608,-0.10599247106185125,0.25522933638827433,CS2_38,0.6141357
42,0.9760202333321387,-0.1200551410285113,0.604969886741107,-0.16955408171819225,-0.11696087274591972,0.2628685129896345,CS2_38,0.60496986
43,0.9796146641784954,-0.16074588930544298,0.5958612849530484,0.0357481307886531,-0.041391596192383105,0.043020803744401315,CS2_38,0.59586126
44,0.9832090950248522,-0.16077497274771207,0.5866845584600803,0.08034997964317364,-0.034847513397568676,0.012743056528313864,CS2_38,0.5866846
45,0.986803525871209,-0.16075491353411706,0.6050192504092919,-0.06671694725460656,-0.054466896333643926,0.14529122747217976,CS2_38,0.6050193
46,0.9903979567175657,-0.16070018995796212,0.6050375049992345,-0.028249272932398258,-0.11029675605680687,0.21964771558198323,CS2_38,0.6050375
47,0.9939923875639225,-0.1607800652141275,0.5958569358777609,0.04221155411338628,-0.13592666830678593,0.2015407097672471,CS2_38,0.59585696
48,0.9975868184102793,-0.6586641055337067,0.5775140198740947,0.08684194138650955,-0.15539481035833602,0.2533783076605873,CS2_38,0.577514
49,1.001181249256636,-0.11971827352552869,0.6050146584641803,-0.07944666742000513,-0.14935369474989915,0.2802723508034541,CS2_38,0.6050147
50,1.0047756801029928,-0.11964238729287831,0.6050300618622013,-0.12441898722715046,-0.15395030493092485,0.2866606479484089,CS2_38,0.60503006
51,1.0083701109493495,-0.16079881079560274,0.5958480194292043,-0.021849268315672573,-0.10971143381803194,0.7340189391348533,CS2_38,0.595848
52,1.0119645417957064,-0.16301018714374732,0.5958508703787754,-0.021849268315672573,-0.04766268069958717,0.236810008022593,CS2_38,0.5958509
53,1.015558972642063,-0.0409980522095541,0.5866542569027241,-0.24603704357879994,-0.10567844168154386,0.21766941340342,CS2_38,0.58665425
54,1.0191534034884198,-0.08605080613171606,0.5866680865602341,-0.23982253868301076,-0.15721128547832186,0.2878417545562052,CS2_38,0.5866681
55,1.0227478343347767,-0.2430347562246124,0.5775102397825134,0.13784379485774792,-0.17665988972482224,0.32361567307615646,CS2_38,0.57751024
56,1.0263422651811334,-0.325284364429828,0.5683286455645112,0.3036366807633162,-2.951520684556844,-1.741779758226236,CS2_38,0.5683286
57,1.02993669602749,-0.2431935093882625,0.5866554156377118,0.14438754854596003,0.006652593952356225,-0.5228586905872082,CS2_38,0.58665544
58,1.033531126873847,-0.20728498609901153,0.5774942550644231,0.048687132690487155,-0.10544260615251749,0.061428945095716316,CS2_38,0.57749426
59,1.0371255577202037,-0.24313404218803283,0.5774984118922165,0.0357481307886531,-0.26651767882371513,0.49291473067212443,CS2_38,0.57749844
60,1.0407199885665603,-0.3663092438602566,0.5591716782063763,0.2728104322671313,-0.29750540235405787,0.31262052260256956,CS2_38,0.5591717
61,1.0443144194129172,-0.4074650411715114,0.5499904243383509,0.4828056291667523,-0.2121195550429247,0.15362156595036272,CS2_38,0.5499904
62,1.047908850259274,-0.4485057372616971,0.5500011877723642,0.5541268366845453,-0.2020527472624341,0.1368539062185051,CS2_38,0.5500012
63,1.0515032811056306,-0.4895860248047162,0.5408399772199683,0.39489831554729454,-0.27326531886418143,0.6324391163311242,CS2_38,0.54083997
64,1.0550977119519875,-0.4896556376692933,0.5408216178350727,0.49652890909097935,-0.41119511534638253,0.8784814173591151,CS2_38,0.5408216
65,1.0586921427983442,-0.5306990772517874,0.531659957743905,0.45260035551983746,-0.4822035960316693,1.0289518804979458,CS2_38,0.53165996
66,1.062286573644701,-0.40750026853928495,0.5591498434462097,0.38810987134400776,-0.5188423768649426,1.1331802312144814,CS2_38,0.55914986
67,1.0658810044910578,-0.9883493465065898,0.5133234140276742,0.39489831554729454,-0.5526204674195007,1.1405590853181433,CS2_38,0.5133234
68,1.0694754353374145,-0.4074211091776501,0.568337518673176,0.3170243700243242,-0.571757890398314,1.224116865276689,CS2_38,0.5683375
69,1.0730698661837712,-0.4896958218189705,0.5316546179251427,0.39489831554729454,-0.5450126485281173,0.8401878604624899,CS2_38,0.5316546
70,1.0766642970301281,-0.5307035934895582,0.5316634777467171,0.51720763581626,-0.4449993814723339,0.7340189391348533,CS2_38,0.5316635
71,1.0802587278764848,-0.5308126213444654,0.5316496130451254,0.611724235788871,-0.3752628945237598,1.0313973526376057,CS2_38,0.5316496
72,1.0838531587228415,-0.5718467218631083,0.5316440034305541,0.46631887904096964,-0.44165661199256107,0.9885513582077361,CS2_38,0.531644
73,1.0874475895691984,-0.5718683637307593,0.5316451351531902,0.45945327540960057,-0.6018831723323567,1.3358152616365648,CS2_38,0.5316451
74,1.091042020415555,-0.6129161825547991,0.513321077468822,0.6047518773323559,-0.6273425397322138,1.2970705705714662,CS2_38,0.5133211
75,1.0946364512619118,-0.5308098627020407,0.5499816091213293,0.49652890909097935,-0.6384313612671931,1.3509553933789131,CS2_38,0.5499816
76,1.0982308821082687,-0.5307269109776196,0.5499928982781157,0.38810987134400776,-0.661331440288332,1.349358012571443,CS2_38,0.5499929
77,1.1018253129546254,-0.48967572254541153,0.5499883040263482,0.2861907226788764,-0.6854260644410064,1.4848525756455933,CS2_38,0.5499883
78,1.105419743800982,-0.6128413772727056,0.5224990865929785,0.45260035551983746,-0.6954913523603604,1.3151535396711767,CS2_38,0.5224991
79,1.109014174647339,-0.6129241451785974,0.5133286096830012,0.676358469036194,-0.5836973724698427,1.0259901414789603,CS2_38,0.5133286
80,1.1126086054936957,-0.6129653231324803,0.5133124241593543,0.625706475437475,-0.5473392343356517,0.909376411994978,CS2_38,0.5133124
81,1.1162030363400524,-0.6540388454666327,0.5133196084922973,0.51720763581626,-0.5640970778164465,1.133180979230511,CS2_38,0.5133196
82,1.1197974671864093,-0.6540538674038573,0.504147657598525,0.676358469036194,-0.7074731337059941,1.4556904512600706,CS2_38,0.50414765
83,1.123391898032766,-0.6951080055117493,0.5041446363703199,0.676358469036194,-0.7232284964901855,1.4515708006133183,CS2_38,0.5041446
84,1.1269863288791226,-0.6950959963542519,0.4949882361021213,0.676358469036194,-0.7301727956137611,1.458245897214171,CS2_38,0.49498823
85,1.1305807597254796,-0.6950813649960081,0.4949892292969476,0.7845169615910952,-0.7455969671380654,1.4358833356798515,CS2_38,0.49498922
86,1.1341751905718362,-0.695108318117068,0.4949862099294858,0.7845169615910952,-0.7669329986248263,1.5648652463245891,CS2_38,0.4949862
87,1.137769621418193,-0.7362731739228554,0.4858092387176094,0.6834079869207924,-0.7946388310804733,1.617504557648935,CS2_38,0.48580924
88,1.1413640522645498,-0.7362445898123541,0.4858143350147121,0.625706475437475,-0.8095008737249869,1.6460279124020838,CS2_38,0.48581433
89,1.1449584831109065,-0.6951428120427444,0.4949724329651132,0.7845169615910952,-0.8233392794811767,1.6537531293213426,CS2_38,0.49497244
90,1.1485529139572632,-0.6540378013553674,0.5133151611858029,0.7198430916512637,-0.8360739399048979,1.6810996540414573,CS2_38,0.51331514
91,1.1521473448036201,-0.654011252722864,0.5133112690622108,0.5472062701729065,-0.8435701975911409,1.687231886344971,CS2_38,0.51331127
92,1.1557417756499768,-0.653969900392321,0.5041674567067295,0.5034093104208842,-0.842396024118557,1.6309195497573252,CS2_38,0.50416744
93,1.1593362064963335,-0.6540234938218232,0.5041584979869405,0.5034093104208842,-0.8214924633428681,1.658518358238694,CS2_38,0.5041585
94,1.1629306373426904,-0.6540519405424562,0.5041491786854106,0.45260035551983746,-0.7275826897912037,1.1482273517969908,CS2_38,0.5041492
95,1.166525068189047,-0.6540029751310222,0.5041568987692373,0.5541268366845453,-0.7095994135408478,1.138197086961766,CS2_38,0.5041569
96,1.1701194990354038,-0.654050329996304,0.5041479846559976,0.5034093104208842,-0.7249835213845942,1.1350663382318322,CS2_38,0.504148
97,1.1737139298817607,-0.653821192893339,0.5041825064671908,0.48966066301344907,-0.7245317877907616,1.079361130582772,CS2_38,0.5041825
98,1.1773083607281174,-0.6538682898393543,0.5041750791926616,0.49652890909097935,-0.7192430908478065,1.0449611184293417,CS2_38,0.50417507
99,1.180902791574474,-0.694695684684105,0.5042139309191083,0.445759590882449,-0.7142053270993125,-5.160476680298018,CS2_38,0.5042139
100,1.184497222420831,-0.6946370390253767,0.5042337550654005,0.445759590882449,-0.656121898442191,1.38718045351884,CS2_38,0.5042338
101,1.1880916532671877,-0.6946073335359445,0.5042382058246206,0.401698915002948,-0.7153292662071564,1.0494970453717642,CS2_38,0.5042382
102,1.1916860841135444,-0.5307400057932632,0.5224862242854286,0.06167264164486024,-0.7129207126586397,0.9833187710153541,CS2_38,0.5224862
103,1.1952805149599013,-0.5719362245426153,0.5224666083222278,0.3678179987375949,-0.718189289902798,0.9483702057317974,CS2_38,0.5224666
104,1.198874945806258,-0.6130349589971368,0.5224693441287296,0.4321150558539986,-0.7179584387860958,0.9539282610798187,CS2_38,0.52246934
105,1.2024693766526147,-0.6140539406093439,0.5133155190356463,0.27949476409143426,-0.7235977514913291,1.0451868498486458,CS2_38,0.5133155
106,1.2060638074989716,-0.654058408249158,0.5133166359971932,0.48966066301344907,-0.531925401547391,0.7011479184300748,CS2_38,0.51331663
107,1.2096582383453283,-0.6541461159465941,0.5132956141490757,0.45260035551983746,-0.58015417588719,0.672852352465968,CS2_38,0.5132956
108,1.213252669191685,-0.695188153876366,0.5041401983184512,0.445759590882449,-0.632809614401754,0.8142444329866886,CS2_38,0.5041402
109,1.2168471000380419,-0.6951629695097673,0.5041419897293302,0.45260035551983746,-0.6667490666968241,0.8489055070212727,CS2_38,0.504142
110,1.2204415308843986,-0.65404155512525,0.522487722330738,0.38810987134400776,-0.6887063224696305,0.8831455767930277,CS2_38,0.5224877
111,1.2240359617307552,-0.655706001929046,0.5133068544288466,0.4828056291667523,-0.7070206139216163,0.8923448940653244,CS2_38,0.51330686
112,1.2276303925771122,-0.654334631925245,0.5132917628031638,0.2928988365186783,-0.7155704024066595,0.9087946044229822,CS2_38,0.5132918
113,1.2312248234234688,-0.6952462342415276,0.5041345776835452,0.4389315099866537,-0.7077524132315565,0.8055318723817486,CS2_38,0.5041346
114,1.2348192542698255,-0.6956235390041929,0.4949673325697354,0.48966066301344907,-0.6844094791745092,0.8295472338413569,CS2_38,0.49496734
115,1.2384136851161824,-0.7362891216378383,0.4949685745022533,0.445759590882449,-0.6956487435568002,0.7885092087063468,CS2_38,0.49496856
116,1.2420081159625391,-0.7362818047028633,0.4949731444737084,0.5034093104208842,-0.689587062375458,0.7669483536179222,CS2_38,0.49497315
117,1.2456025468088958,-0.7362807030375121,0.4949733230647377,0.4389315099866537,-0.7246305031165643,0.8327783144087085,CS2_38,0.49497333
118,1.2491969776552527,-0.7361529823085717,0.4949927727955772,0.5472062701729065,-0.7486549359779102,0.897842109031122,CS2_38,0.49499276
119,1.2527914085016094,-0.7360854414556957,0.4950079167309882,0.5034093104208842,-0.7559404689971098,0.8937216153176956,CS2_38,0.4950079
120,1.256385839347966,-0.6950223251390718,0.5133294806157359,0.38810987134400776,-0.7615600055116387,0.9027932424793342,CS2_38,0.5133295
121,1.259980270194323,-0.7362935264107502,0.5041312129163458,0.445759590882449,-0.7662248867014545,0.9071691228081508,CS2_38,0.5041312
122,1.2635747010406797,-0.7362702549655943,-100.0,0.45260035551983746,-0.7765225948059478,0.8986084264134278,CS2_38,0.5037846
123,1.2671691318870364,-0.7772066582334102,-100.0,0.5610590299593186,-0.7605866038830383,0.8172190929101656,CS2_38,0.48341218
124,1.2707635627333933,-0.7773210601167612,-100.0,0.7198430916512637,-0.6519686202900576,0.32711984417880235,CS2_38,0.49555862
125,1.27435799357975,-0.8183886557716433,-100.0,0.5103023954923883,-0.7638289312411021,0.9510189208429978,CS2_38,0.47732094
126,1.2779524244261067,-0.8184572136304035,-100.0,0.625706475437475,-0.7962736817125003,0.9725828427881172,CS2_38,0.45824388
127,1.2815468552724636,-0.8183884512595075,-100.0,0.676358469036194,-0.8328624232494569,1.0809551258131378,CS2_38,0.45229995
128,1.2851412861188203,-0.8184575834364614,-100.0,0.7340081885746293,-0.847042064092432,1.1096700794835623,CS2_38,0.45041254
129,1.288735716965177,-0.818557048910832,-100.0,0.625706475437475,-0.8573681344894217,1.1300443197809236,CS2_38,0.4595502
130,1.2923301478115339,-0.8185191963497517,-100.0,0.611724235788871,-0.8724208446084852,1.1447735634454361,CS2_38,0.4635509
131,1.2959245786578906,-0.8183674940479696,-100.0,0.46631887904096964,-0.8894104225911338,1.1706135770003925,CS2_38,0.48378885
132,1.2995190095042473,-0.8183817568739546,-100.0,0.5680044354649322,-0.8906450002208534,1.1594022644419937,CS2_38,0.4715083
133,1.3031134403506042,-0.8594927467604712,-100.0,0.625706475437475,-0.8602580281761253,1.0304242950865712,CS2_38,0.44830832
134,1.3067078711969609,-0.8596381872764807,-100.0,0.625706475437475,-0.8675135567879403,1.0611194848642391,CS2_38,0.44937792
135,1.3103023020433175,-0.9006362382791324,-100.0,0.7269195624867627,-0.859194363068209,1.0398152729829462,CS2_38,0.43107077
136,1.3138967328896745,-0.9005543712672562,-100.0,0.7340081885746293,-0.8800074001821705,1.118326677391154,CS2_38,0.43377635
137,1.3174911637360311,-0.9416975735592478,-100.0,0.7845169615910952,-0.9069920459348675,1.1258640519917007,CS2_38,0.42530262
138,1.3210855945823878,-0.9416568860125669,-100.0,0.7482245489536425,-0.9209910896153788,1.1476798823116023,CS2_38,0.42846707
139,1.3246800254287447,-0.9005468417969215,-100.0,0.7340081885746293,-0.9673133250195036,1.305980157700703,CS2_38,0.4375529
140,1.3282744562751014,-0.9417040994153565,-100.0,0.7773886988107142,-0.9879157291398711,1.3356216748241354,CS2_38,0.4256069
141,1.3318688871214581,-0.9415825569104115,-100.0,0.7269195624867627,-1.007484194397421,1.3577251257809324,CS2_38,0.42381656
142,1.335463317967815,-0.9416906835564774,-100.0,0.7340081885746293,-1.0067615675952395,1.3000078401229482,CS2_38,0.42567548
143,1.3390577488141717,-0.9827732628812272,-100.0,0.7845169615910952,-0.9831688150596255,1.2627641940768364,CS2_38,0.4167159
144,1.3426521796605284,-0.9826448446878285,-100.0,0.7916579081130705,-1.003861464740614,1.3045116141688826,CS2_38,0.4151421
145,1.3462466105068853,-1.0237488931169334,-100.0,0.7988120668658792,-1.005234729397356,1.2617422831525755,CS2_38,0.405789
146,1.349841041353242,-1.0236532879171376,-100.0,0.7845169615910952,-1.0308859487503805,1.3503150049457013,CS2_38,0.40251413
147,1.3534354721995987,-1.0234241925358243,-100.0,0.7845169615910952,-1.053393621484582,1.395447560928005,CS2_38,0.39967987
148,1.3570299030459554,-1.0645066475359382,-100.0,0.7916579081130705,-1.080168858854266,1.3944890920519664,CS2_38,0.38865682
149,1.3606243338923123,-1.0644778579891527,-100.0,0.7411100268933354,-1.104142563606849,1.4247060667214404,CS2_38,0.38953507
150,1.364218764738669,-1.064466273972189,-100.0,0.7340081885746293,-1.1147600302453595,1.4265903655743262,CS2_38,0.38981226
151,1.3678131955850257,-1.064540322451327,-100.0,0.7482245489536425,-1.1258789860808849,1.4334891490543753,CS2_38,0.38813853
